"","nFrame","time","gaze_pos.ordinal","gaze_pos.onset","gaze_pos.offset","AOI","trials.ordinal","trials.onset","trials.offset","trials.number","trial_duration"
"1",1,49830,1,49830,49862,"not looking",1,49830,54318,629,4488
"2",2,49863,2,49863,49895,"not looking",1,49830,54318,629,4488
"3",3,49896,3,49896,49928,"not looking",1,49830,54318,629,4488
"4",4,49929,4,49929,49961,"not looking",1,49830,54318,629,4488
"5",5,49962,5,49962,49994,"not looking",1,49830,54318,629,4488
"6",6,49995,6,49995,50027,"not looking",1,49830,54318,629,4488
"7",7,50028,7,50028,50060,"not looking",1,49830,54318,629,4488
"8",8,50061,8,50061,50093,"not looking",1,49830,54318,629,4488
"9",9,50094,9,50094,50126,"not looking",1,49830,54318,629,4488
"10",10,50127,10,50127,50159,"not looking",1,49830,54318,629,4488
"11",11,50160,11,50160,50192,"not looking",1,49830,54318,629,4488
"12",12,50193,12,50193,50225,"not looking",1,49830,54318,629,4488
"13",13,50226,13,50226,50258,"not looking",1,49830,54318,629,4488
"14",14,50259,14,50259,50291,"not looking",1,49830,54318,629,4488
"15",15,50292,15,50292,50324,"left",1,49830,54318,629,4488
"16",16,50325,16,50325,50357,"not looking",1,49830,54318,629,4488
"17",17,50358,17,50358,50390,"left",1,49830,54318,629,4488
"18",18,50391,18,50391,50423,"left",1,49830,54318,629,4488
"19",19,50424,19,50424,50456,"left",1,49830,54318,629,4488
"20",20,50457,20,50457,50489,"left",1,49830,54318,629,4488
"21",21,50490,21,50490,50522,"left",1,49830,54318,629,4488
"22",22,50523,22,50523,50555,"left",1,49830,54318,629,4488
"23",23,50556,23,50556,50588,"left",1,49830,54318,629,4488
"24",24,50589,24,50589,50621,"left",1,49830,54318,629,4488
"25",25,50622,25,50622,50654,"left",1,49830,54318,629,4488
"26",26,50655,26,50655,50687,"left",1,49830,54318,629,4488
"27",27,50688,27,50688,50720,"left",1,49830,54318,629,4488
"28",28,50721,28,50721,50753,"left",1,49830,54318,629,4488
"29",29,50754,29,50754,50786,"left",1,49830,54318,629,4488
"30",30,50787,30,50787,50819,"left",1,49830,54318,629,4488
"31",31,50820,31,50820,50852,"left",1,49830,54318,629,4488
"32",32,50853,32,50853,50885,"left",1,49830,54318,629,4488
"33",33,50886,33,50886,50918,"left",1,49830,54318,629,4488
"34",34,50919,34,50919,50951,"left",1,49830,54318,629,4488
"35",35,50952,35,50952,50984,"left",1,49830,54318,629,4488
"36",36,50985,36,50985,51017,"left",1,49830,54318,629,4488
"37",37,51018,37,51018,51050,"left",1,49830,54318,629,4488
"38",38,51051,38,51051,51083,"left",1,49830,54318,629,4488
"39",39,51084,39,51084,51116,"left",1,49830,54318,629,4488
"40",40,51117,40,51117,51149,"left",1,49830,54318,629,4488
"41",41,51150,41,51150,51182,"left",1,49830,54318,629,4488
"42",42,51183,42,51183,51215,"not looking",1,49830,54318,629,4488
"43",43,51216,43,51216,51248,"not looking",1,49830,54318,629,4488
"44",44,51249,44,51249,51281,"not looking",1,49830,54318,629,4488
"45",45,51282,45,51282,51314,"not looking",1,49830,54318,629,4488
"46",46,51315,46,51315,51347,"not looking",1,49830,54318,629,4488
"47",47,51348,47,51348,51380,"not looking",1,49830,54318,629,4488
"48",48,51381,48,51381,51413,"",1,49830,54318,629,4488
"49",49,51414,49,51414,51446,"not looking",1,49830,54318,629,4488
"50",50,51447,50,51447,51479,"not looking",1,49830,54318,629,4488
"51",51,51480,51,51480,51512,"not looking",1,49830,54318,629,4488
"52",52,51513,52,51513,51545,"",1,49830,54318,629,4488
"53",53,51546,53,51546,51578,"",1,49830,54318,629,4488
"54",54,51579,54,51579,51611,"not looking",1,49830,54318,629,4488
"55",55,51612,55,51612,51644,"",1,49830,54318,629,4488
"56",56,51645,56,51645,51677,"",1,49830,54318,629,4488
"57",57,51678,57,51678,51710,"",1,49830,54318,629,4488
"58",58,51711,58,51711,51743,"",1,49830,54318,629,4488
"59",59,51744,59,51744,51776,"not looking",1,49830,54318,629,4488
"60",60,51777,60,51777,51809,"left",1,49830,54318,629,4488
"61",61,51810,61,51810,51842,"left",1,49830,54318,629,4488
"62",62,51843,62,51843,51875,"left",1,49830,54318,629,4488
"63",63,51876,63,51876,51908,"left",1,49830,54318,629,4488
"64",64,51909,64,51909,51941,"left",1,49830,54318,629,4488
"65",65,51942,65,51942,51974,"left",1,49830,54318,629,4488
"66",66,51975,66,51975,52007,"left",1,49830,54318,629,4488
"67",67,52008,67,52008,52040,"left",1,49830,54318,629,4488
"68",68,52041,68,52041,52073,"left",1,49830,54318,629,4488
"69",69,52074,69,52074,52106,"left",1,49830,54318,629,4488
"70",70,52107,70,52107,52139,"left",1,49830,54318,629,4488
"71",71,52140,71,52140,52172,"left",1,49830,54318,629,4488
"72",72,52173,72,52173,52205,"",1,49830,54318,629,4488
"73",73,52206,73,52206,52238,"left",1,49830,54318,629,4488
"74",74,52239,74,52239,52271,"left",1,49830,54318,629,4488
"75",75,52272,75,52272,52304,"left",1,49830,54318,629,4488
"76",76,52305,76,52305,52337,"left",1,49830,54318,629,4488
"77",77,52338,77,52338,52370,"not looking",1,49830,54318,629,4488
"78",78,52371,78,52371,52403,"not looking",1,49830,54318,629,4488
"79",79,52404,79,52404,52436,"left",1,49830,54318,629,4488
"80",80,52437,80,52437,52469,"left",1,49830,54318,629,4488
"81",81,52470,81,52470,52502,"left",1,49830,54318,629,4488
"82",82,52503,82,52503,52535,"left",1,49830,54318,629,4488
"83",83,52536,83,52536,52568,"left",1,49830,54318,629,4488
"84",84,52569,84,52569,52601,"left",1,49830,54318,629,4488
"85",85,52602,86,52602,52634,"not looking",1,49830,54318,629,4488
"86",86,52635,87,52635,52667,"not looking",1,49830,54318,629,4488
"87",87,52668,88,52668,52700,"not looking",1,49830,54318,629,4488
"88",88,52701,89,52701,52733,"not looking",1,49830,54318,629,4488
"89",89,52734,90,52734,52766,"not looking",1,49830,54318,629,4488
"90",90,52767,91,52767,52799,"not looking",1,49830,54318,629,4488
"91",91,52800,92,52800,52832,"not looking",1,49830,54318,629,4488
"92",92,52833,93,52833,52865,"not looking",1,49830,54318,629,4488
"93",93,52866,94,52866,52898,"not looking",1,49830,54318,629,4488
"94",94,52899,95,52899,52931,"not looking",1,49830,54318,629,4488
"95",95,52932,96,52932,52964,"not looking",1,49830,54318,629,4488
"96",96,52965,97,52965,52997,"not looking",1,49830,54318,629,4488
"97",97,52998,98,52998,53030,"not looking",1,49830,54318,629,4488
"98",98,53031,99,53031,53063,"not looking",1,49830,54318,629,4488
"99",99,53064,100,53064,53096,"not looking",1,49830,54318,629,4488
"100",100,53097,101,53097,53129,"not looking",1,49830,54318,629,4488
"101",101,53130,102,53130,53162,"not looking",1,49830,54318,629,4488
"102",102,53163,103,53163,53195,"not looking",1,49830,54318,629,4488
"103",103,53196,104,53196,53228,"left",1,49830,54318,629,4488
"104",104,53229,105,53229,53261,"not looking",1,49830,54318,629,4488
"105",105,53262,106,53262,53294,"not looking",1,49830,54318,629,4488
"106",106,53295,107,53295,53327,"not looking",1,49830,54318,629,4488
"107",107,53328,108,53328,53360,"not looking",1,49830,54318,629,4488
"108",108,53361,109,53361,53393,"not looking",1,49830,54318,629,4488
"109",109,53394,110,53394,53426,"not looking",1,49830,54318,629,4488
"110",110,53427,111,53427,53459,"not looking",1,49830,54318,629,4488
"111",111,53460,112,53460,53492,"middle",1,49830,54318,629,4488
"112",112,53493,113,53493,53525,"middle",1,49830,54318,629,4488
"113",113,53526,114,53526,53558,"left",1,49830,54318,629,4488
"114",114,53559,115,53559,53591,"left",1,49830,54318,629,4488
"115",115,53592,116,53592,53624,"left",1,49830,54318,629,4488
"116",116,53625,117,53625,53657,"not looking",1,49830,54318,629,4488
"117",117,53658,118,53658,53690,"not looking",1,49830,54318,629,4488
"118",118,53691,119,53691,53723,"not looking",1,49830,54318,629,4488
"119",119,53724,120,53724,53756,"not looking",1,49830,54318,629,4488
"120",120,53757,121,53757,53789,"not looking",1,49830,54318,629,4488
"121",121,53790,122,53790,53822,"not looking",1,49830,54318,629,4488
"122",122,53823,123,53823,53855,"not looking",1,49830,54318,629,4488
"123",123,53856,124,53856,53888,"left",1,49830,54318,629,4488
"124",124,53889,125,53889,53921,"left",1,49830,54318,629,4488
"125",125,53922,126,53922,53954,"left",1,49830,54318,629,4488
"126",126,53955,127,53955,53987,"left",1,49830,54318,629,4488
"127",127,53988,128,53988,54020,"left",1,49830,54318,629,4488
"128",128,54021,129,54021,54053,"left",1,49830,54318,629,4488
"129",129,54054,130,54054,54086,"left",1,49830,54318,629,4488
"130",130,54087,131,54087,54119,"left",1,49830,54318,629,4488
"131",131,54120,132,54120,54152,"left",1,49830,54318,629,4488
"132",132,54153,133,54153,54185,"left",1,49830,54318,629,4488
"133",133,54186,134,54186,54218,"left",1,49830,54318,629,4488
"134",134,54219,135,54219,54251,"left",1,49830,54318,629,4488
"135",135,54252,136,54252,54284,"left",1,49830,54318,629,4488
"136",136,54285,137,54285,54317,"left",1,49830,54318,629,4488
"137",137,54318,138,54318,54350,"left",1,49830,54318,629,4488
"138",462,65043,139,65043,65075,"not looking",2,65043,69531,438,4488
"139",463,65076,140,65076,65108,"not looking",2,65043,69531,438,4488
"140",464,65109,141,65109,65141,"not looking",2,65043,69531,438,4488
"141",465,65142,142,65142,65174,"not looking",2,65043,69531,438,4488
"142",466,65175,143,65175,65207,"not looking",2,65043,69531,438,4488
"143",467,65208,144,65208,65240,"not looking",2,65043,69531,438,4488
"144",468,65241,145,65241,65273,"left",2,65043,69531,438,4488
"145",469,65274,146,65274,65306,"left",2,65043,69531,438,4488
"146",470,65307,147,65307,65339,"left",2,65043,69531,438,4488
"147",471,65340,148,65340,65372,"left",2,65043,69531,438,4488
"148",472,65373,149,65373,65405,"left",2,65043,69531,438,4488
"149",473,65406,150,65406,65438,"left",2,65043,69531,438,4488
"150",474,65439,151,65439,65471,"left",2,65043,69531,438,4488
"151",475,65472,152,65472,65504,"left",2,65043,69531,438,4488
"152",476,65505,153,65505,65537,"left",2,65043,69531,438,4488
"153",477,65538,154,65538,65570,"left",2,65043,69531,438,4488
"154",478,65571,155,65571,65603,"left",2,65043,69531,438,4488
"155",479,65604,156,65604,65636,"left",2,65043,69531,438,4488
"156",480,65637,157,65637,65669,"left",2,65043,69531,438,4488
"157",481,65670,158,65670,65702,"left",2,65043,69531,438,4488
"158",482,65703,159,65703,65735,"left",2,65043,69531,438,4488
"159",483,65736,160,65736,65768,"left",2,65043,69531,438,4488
"160",484,65769,161,65769,65801,"left",2,65043,69531,438,4488
"161",485,65802,162,65802,65834,"left",2,65043,69531,438,4488
"162",486,65835,163,65835,65867,"left",2,65043,69531,438,4488
"163",487,65868,164,65868,65900,"left",2,65043,69531,438,4488
"164",488,65901,165,65901,65933,"left",2,65043,69531,438,4488
"165",489,65934,166,65934,65966,"left",2,65043,69531,438,4488
"166",490,65967,167,65967,65999,"left",2,65043,69531,438,4488
"167",491,66000,168,66000,66032,"left",2,65043,69531,438,4488
"168",492,66033,169,66033,66065,"left",2,65043,69531,438,4488
"169",493,66066,170,66066,66098,"not looking",2,65043,69531,438,4488
"170",494,66099,171,66099,66131,"not looking",2,65043,69531,438,4488
"171",495,66132,172,66132,66164,"not looking",2,65043,69531,438,4488
"172",496,66165,173,66165,66197,"not looking",2,65043,69531,438,4488
"173",497,66198,174,66198,66230,"not looking",2,65043,69531,438,4488
"174",498,66231,175,66231,66263,"not looking",2,65043,69531,438,4488
"175",499,66264,176,66264,66296,"not looking",2,65043,69531,438,4488
"176",500,66297,177,66297,66329,"not looking",2,65043,69531,438,4488
"177",501,66330,178,66330,66362,"not looking",2,65043,69531,438,4488
"178",502,66363,179,66363,66395,"not looking",2,65043,69531,438,4488
"179",503,66396,180,66396,66428,"not looking",2,65043,69531,438,4488
"180",504,66429,181,66429,66461,"not looking",2,65043,69531,438,4488
"181",505,66462,182,66462,66494,"",2,65043,69531,438,4488
"182",506,66495,183,66495,66527,"not looking",2,65043,69531,438,4488
"183",507,66528,184,66528,66560,"not looking",2,65043,69531,438,4488
"184",508,66561,185,66561,66593,"not looking",2,65043,69531,438,4488
"185",509,66594,186,66594,66626,"not looking",2,65043,69531,438,4488
"186",510,66627,187,66627,66659,"not looking",2,65043,69531,438,4488
"187",511,66660,188,66660,66692,"not looking",2,65043,69531,438,4488
"188",512,66693,189,66693,66725,"not looking",2,65043,69531,438,4488
"189",513,66726,190,66726,66758,"not looking",2,65043,69531,438,4488
"190",514,66759,191,66759,66791,"not looking",2,65043,69531,438,4488
"191",515,66792,192,66792,66824,"not looking",2,65043,69531,438,4488
"192",516,66825,193,66825,66857,"not looking",2,65043,69531,438,4488
"193",517,66858,194,66858,66890,"not looking",2,65043,69531,438,4488
"194",518,66891,195,66891,66923,"not looking",2,65043,69531,438,4488
"195",519,66924,196,66924,66956,"not looking",2,65043,69531,438,4488
"196",520,66957,197,66957,66989,"not looking",2,65043,69531,438,4488
"197",521,66990,198,66990,67022,"not looking",2,65043,69531,438,4488
"198",522,67023,199,67023,67055,"not looking",2,65043,69531,438,4488
"199",523,67056,200,67056,67088,"not looking",2,65043,69531,438,4488
"200",524,67089,201,67089,67121,"not looking",2,65043,69531,438,4488
"201",525,67122,203,67122,67154,"left",2,65043,69531,438,4488
"202",526,67155,204,67155,67187,"left",2,65043,69531,438,4488
"203",527,67188,205,67188,67220,"left",2,65043,69531,438,4488
"204",528,67221,206,67221,67253,"left",2,65043,69531,438,4488
"205",529,67254,207,67254,67286,"left",2,65043,69531,438,4488
"206",530,67287,208,67287,67319,"left",2,65043,69531,438,4488
"207",531,67320,209,67320,67352,"left",2,65043,69531,438,4488
"208",532,67353,210,67353,67385,"left",2,65043,69531,438,4488
"209",533,67386,211,67386,67418,"left",2,65043,69531,438,4488
"210",534,67419,212,67419,67451,"left",2,65043,69531,438,4488
"211",535,67452,213,67452,67484,"left",2,65043,69531,438,4488
"212",536,67485,214,67485,67517,"left",2,65043,69531,438,4488
"213",537,67518,215,67518,67550,"left",2,65043,69531,438,4488
"214",538,67551,216,67551,67583,"left",2,65043,69531,438,4488
"215",539,67584,217,67584,67616,"left",2,65043,69531,438,4488
"216",540,67617,218,67617,67649,"left",2,65043,69531,438,4488
"217",541,67650,219,67650,67682,"left",2,65043,69531,438,4488
"218",542,67683,220,67683,67715,"left",2,65043,69531,438,4488
"219",543,67716,221,67716,67748,"left",2,65043,69531,438,4488
"220",544,67749,222,67749,67781,"left",2,65043,69531,438,4488
"221",545,67782,223,67782,67814,"left",2,65043,69531,438,4488
"222",546,67815,224,67815,67847,"left",2,65043,69531,438,4488
"223",547,67848,225,67848,67880,"left",2,65043,69531,438,4488
"224",548,67881,226,67881,67913,"not looking",2,65043,69531,438,4488
"225",549,67914,227,67914,67946,"not looking",2,65043,69531,438,4488
"226",550,67947,228,67947,67979,"not looking",2,65043,69531,438,4488
"227",551,67980,229,67980,68012,"not looking",2,65043,69531,438,4488
"228",552,68013,230,68013,68045,"not looking",2,65043,69531,438,4488
"229",553,68046,231,68046,68078,"not looking",2,65043,69531,438,4488
"230",554,68079,232,68079,68111,"not looking",2,65043,69531,438,4488
"231",555,68112,233,68112,68144,"not looking",2,65043,69531,438,4488
"232",556,68145,234,68145,68177,"not looking",2,65043,69531,438,4488
"233",557,68178,235,68178,68210,"not looking",2,65043,69531,438,4488
"234",558,68211,236,68211,68243,"not looking",2,65043,69531,438,4488
"235",559,68244,237,68244,68276,"not looking",2,65043,69531,438,4488
"236",560,68277,238,68277,68309,"not looking",2,65043,69531,438,4488
"237",561,68310,239,68310,68342,"not looking",2,65043,69531,438,4488
"238",562,68343,240,68343,68375,"not looking",2,65043,69531,438,4488
"239",563,68376,241,68376,68408,"not looking",2,65043,69531,438,4488
"240",564,68409,242,68409,68441,"not looking",2,65043,69531,438,4488
"241",565,68442,243,68442,68474,"left",2,65043,69531,438,4488
"242",566,68475,244,68475,68507,"not looking",2,65043,69531,438,4488
"243",567,68508,245,68508,68540,"not looking",2,65043,69531,438,4488
"244",568,68541,246,68541,68573,"not looking",2,65043,69531,438,4488
"245",569,68574,247,68574,68606,"middle",2,65043,69531,438,4488
"246",570,68607,248,68607,68639,"middle",2,65043,69531,438,4488
"247",571,68640,249,68640,68672,"middle",2,65043,69531,438,4488
"248",572,68673,250,68673,68705,"left",2,65043,69531,438,4488
"249",573,68706,251,68706,68738,"left",2,65043,69531,438,4488
"250",574,68739,252,68739,68771,"left",2,65043,69531,438,4488
"251",575,68772,253,68772,68804,"left",2,65043,69531,438,4488
"252",576,68805,254,68805,68837,"left",2,65043,69531,438,4488
"253",577,68838,255,68838,68870,"left",2,65043,69531,438,4488
"254",578,68871,256,68871,68903,"middle",2,65043,69531,438,4488
"255",579,68904,257,68904,68936,"middle",2,65043,69531,438,4488
"256",580,68937,258,68937,68969,"left",2,65043,69531,438,4488
"257",581,68970,259,68970,69002,"left",2,65043,69531,438,4488
"258",582,69003,260,69003,69035,"middle",2,65043,69531,438,4488
"259",583,69036,261,69036,69068,"middle",2,65043,69531,438,4488
"260",584,69069,262,69069,69101,"left",2,65043,69531,438,4488
"261",585,69102,263,69102,69134,"middle",2,65043,69531,438,4488
"262",586,69135,264,69135,69167,"middle",2,65043,69531,438,4488
"263",587,69168,265,69168,69200,"middle",2,65043,69531,438,4488
"264",588,69201,266,69201,69233,"middle",2,65043,69531,438,4488
"265",589,69234,267,69234,69266,"middle",2,65043,69531,438,4488
"266",590,69267,268,69267,69299,"inbetween",2,65043,69531,438,4488
"267",591,69300,269,69300,69332,"left",2,65043,69531,438,4488
"268",592,69333,270,69333,69365,"left",2,65043,69531,438,4488
"269",593,69366,271,69366,69398,"middle",2,65043,69531,438,4488
"270",594,69399,272,69399,69431,"not looking",2,65043,69531,438,4488
"271",595,69432,273,69432,69464,"not looking",2,65043,69531,438,4488
"272",596,69465,274,69465,69497,"not looking",2,65043,69531,438,4488
"273",597,69498,275,69498,69530,"not looking",2,65043,69531,438,4488
"274",598,69531,276,69531,69563,"not looking",2,65043,69531,438,4488
"275",925,80322,277,80322,80354,"not looking",3,80322,84843,52,4521
"276",926,80355,278,80355,80387,"not looking",3,80322,84843,52,4521
"277",927,80388,279,80388,80420,"not looking",3,80322,84843,52,4521
"278",928,80421,280,80421,80453,"not looking",3,80322,84843,52,4521
"279",929,80454,281,80454,80486,"not looking",3,80322,84843,52,4521
"280",930,80487,282,80487,80519,"not looking",3,80322,84843,52,4521
"281",931,80520,283,80520,80552,"left",3,80322,84843,52,4521
"282",932,80553,284,80553,80585,"left",3,80322,84843,52,4521
"283",933,80586,285,80586,80618,"left",3,80322,84843,52,4521
"284",934,80619,286,80619,80651,"left",3,80322,84843,52,4521
"285",935,80652,287,80652,80684,"left",3,80322,84843,52,4521
"286",936,80685,288,80685,80717,"left",3,80322,84843,52,4521
"287",937,80718,289,80718,80750,"left",3,80322,84843,52,4521
"288",938,80751,290,80751,80783,"left",3,80322,84843,52,4521
"289",939,80784,291,80784,80816,"left",3,80322,84843,52,4521
"290",940,80817,292,80817,80849,"left",3,80322,84843,52,4521
"291",941,80850,293,80850,80882,"left",3,80322,84843,52,4521
"292",942,80883,294,80883,80915,"left",3,80322,84843,52,4521
"293",943,80916,295,80916,80948,"left",3,80322,84843,52,4521
"294",944,80949,296,80949,80981,"left",3,80322,84843,52,4521
"295",945,80982,297,80982,81014,"not looking",3,80322,84843,52,4521
"296",946,81015,298,81015,81047,"not looking",3,80322,84843,52,4521
"297",947,81048,299,81048,81080,"not looking",3,80322,84843,52,4521
"298",948,81081,300,81081,81113,"not looking",3,80322,84843,52,4521
"299",949,81114,301,81114,81146,"not looking",3,80322,84843,52,4521
"300",950,81147,302,81147,81179,"not looking",3,80322,84843,52,4521
"301",951,81180,303,81180,81212,"not looking",3,80322,84843,52,4521
"302",952,81213,304,81213,81245,"not looking",3,80322,84843,52,4521
"303",953,81246,305,81246,81278,"not looking",3,80322,84843,52,4521
"304",954,81279,306,81279,81311,"not looking",3,80322,84843,52,4521
"305",955,81312,307,81312,81344,"not looking",3,80322,84843,52,4521
"306",956,81345,308,81345,81377,"not looking",3,80322,84843,52,4521
"307",957,81378,309,81378,81410,"not looking",3,80322,84843,52,4521
"308",958,81411,310,81411,81443,"not looking",3,80322,84843,52,4521
"309",959,81444,311,81444,81476,"not looking",3,80322,84843,52,4521
"310",960,81477,312,81477,81509,"not looking",3,80322,84843,52,4521
"311",961,81510,313,81510,81542,"not looking",3,80322,84843,52,4521
"312",962,81543,314,81543,81575,"not looking",3,80322,84843,52,4521
"313",963,81576,315,81576,81608,"not looking",3,80322,84843,52,4521
"314",964,81609,316,81609,81641,"not looking",3,80322,84843,52,4521
"315",965,81642,317,81642,81674,"not looking",3,80322,84843,52,4521
"316",966,81675,318,81675,81707,"not looking",3,80322,84843,52,4521
"317",967,81708,319,81708,81740,"not looking",3,80322,84843,52,4521
"318",968,81741,320,81741,81773,"not looking",3,80322,84843,52,4521
"319",969,81774,321,81774,81806,"left",3,80322,84843,52,4521
"320",970,81807,322,81807,81839,"left",3,80322,84843,52,4521
"321",971,81840,323,81840,81872,"not looking",3,80322,84843,52,4521
"322",972,81873,324,81873,81905,"not looking",3,80322,84843,52,4521
"323",973,81906,325,81906,81938,"not looking",3,80322,84843,52,4521
"324",974,81939,326,81939,81971,"left",3,80322,84843,52,4521
"325",975,81972,327,81972,82004,"right",3,80322,84843,52,4521
"326",976,82005,328,82005,82037,"left",3,80322,84843,52,4521
"327",977,82038,329,82038,82070,"left",3,80322,84843,52,4521
"328",978,82071,330,82071,82103,"left",3,80322,84843,52,4521
"329",979,82104,331,82104,82136,"left",3,80322,84843,52,4521
"330",980,82137,332,82137,82169,"left",3,80322,84843,52,4521
"331",981,82170,333,82170,82202,"left",3,80322,84843,52,4521
"332",982,82203,334,82203,82235,"left",3,80322,84843,52,4521
"333",983,82236,335,82236,82268,"left",3,80322,84843,52,4521
"334",984,82269,336,82269,82301,"left",3,80322,84843,52,4521
"335",985,82302,337,82302,82334,"left",3,80322,84843,52,4521
"336",986,82335,338,82335,82367,"left",3,80322,84843,52,4521
"337",987,82368,339,82368,82400,"left",3,80322,84843,52,4521
"338",988,82401,340,82401,82433,"left",3,80322,84843,52,4521
"339",989,82434,341,82434,82466,"left",3,80322,84843,52,4521
"340",990,82467,342,82467,82499,"left",3,80322,84843,52,4521
"341",991,82500,343,82500,82532,"left",3,80322,84843,52,4521
"342",992,82533,344,82533,82565,"left",3,80322,84843,52,4521
"343",993,82566,345,82566,82598,"left",3,80322,84843,52,4521
"344",994,82599,346,82599,82631,"left",3,80322,84843,52,4521
"345",995,82632,347,82632,82664,"left",3,80322,84843,52,4521
"346",996,82665,348,82665,82697,"left",3,80322,84843,52,4521
"347",997,82698,349,82698,82730,"left",3,80322,84843,52,4521
"348",998,82731,350,82731,82763,"",3,80322,84843,52,4521
"349",999,82764,351,82764,82796,"left",3,80322,84843,52,4521
"350",1000,82797,352,82797,82829,"left",3,80322,84843,52,4521
"351",1001,82830,353,82830,82862,"left",3,80322,84843,52,4521
"352",1002,82863,354,82863,82895,"left",3,80322,84843,52,4521
"353",1003,82896,355,82896,82928,"left",3,80322,84843,52,4521
"354",1004,82929,356,82929,82961,"left",3,80322,84843,52,4521
"355",1005,82962,357,82962,82994,"left",3,80322,84843,52,4521
"356",1006,82995,358,82995,83027,"right",3,80322,84843,52,4521
"357",1007,83028,359,83028,83060,"not looking",3,80322,84843,52,4521
"358",1008,83061,360,83061,83093,"not looking",3,80322,84843,52,4521
"359",1009,83094,361,83094,83126,"not looking",3,80322,84843,52,4521
"360",1010,83127,362,83127,83159,"left",3,80322,84843,52,4521
"361",1011,83160,363,83160,83192,"left",3,80322,84843,52,4521
"362",1012,83193,364,83193,83225,"right",3,80322,84843,52,4521
"363",1013,83226,365,83226,83258,"right",3,80322,84843,52,4521
"364",1014,83259,366,83259,83291,"inbetween",3,80322,84843,52,4521
"365",1015,83292,367,83292,83324,"not looking",3,80322,84843,52,4521
"366",1016,83325,368,83325,83357,"right",3,80322,84843,52,4521
"367",1017,83358,369,83358,83390,"right",3,80322,84843,52,4521
"368",1018,83391,370,83391,83423,"left",3,80322,84843,52,4521
"369",1019,83424,371,83424,83456,"left",3,80322,84843,52,4521
"370",1020,83457,372,83457,83489,"left",3,80322,84843,52,4521
"371",1021,83490,373,83490,83522,"left",3,80322,84843,52,4521
"372",1022,83523,374,83523,83555,"left",3,80322,84843,52,4521
"373",1023,83556,375,83556,83588,"left",3,80322,84843,52,4521
"374",1024,83589,376,83589,83621,"left",3,80322,84843,52,4521
"375",1025,83622,377,83622,83654,"left",3,80322,84843,52,4521
"376",1026,83655,378,83655,83687,"left",3,80322,84843,52,4521
"377",1027,83688,379,83688,83720,"left",3,80322,84843,52,4521
"378",1028,83721,380,83721,83753,"left",3,80322,84843,52,4521
"379",1029,83754,381,83754,83786,"left",3,80322,84843,52,4521
"380",1030,83787,382,83787,83819,"left",3,80322,84843,52,4521
"381",1031,83820,383,83820,83852,"not looking",3,80322,84843,52,4521
"382",1032,83853,384,83853,83885,"not looking",3,80322,84843,52,4521
"383",1033,83886,385,83886,83918,"not looking",3,80322,84843,52,4521
"384",1034,83919,386,83919,83951,"not looking",3,80322,84843,52,4521
"385",1035,83952,387,83952,83984,"not looking",3,80322,84843,52,4521
"386",1036,83985,388,83985,84017,"not looking",3,80322,84843,52,4521
"387",1037,84018,389,84018,84050,"not looking",3,80322,84843,52,4521
"388",1038,84051,390,84051,84083,"not looking",3,80322,84843,52,4521
"389",1039,84084,391,84084,84116,"not looking",3,80322,84843,52,4521
"390",1040,84117,392,84117,84149,"not looking",3,80322,84843,52,4521
"391",1041,84150,393,84150,84182,"not looking",3,80322,84843,52,4521
"392",1042,84183,394,84183,84215,"not looking",3,80322,84843,52,4521
"393",1043,84216,395,84216,84248,"not looking",3,80322,84843,52,4521
"394",1044,84249,396,84249,84281,"not looking",3,80322,84843,52,4521
"395",1045,84282,397,84282,84314,"not looking",3,80322,84843,52,4521
"396",1046,84315,398,84315,84347,"not looking",3,80322,84843,52,4521
"397",1047,84348,399,84348,84380,"not looking",3,80322,84843,52,4521
"398",1048,84381,400,84381,84413,"not looking",3,80322,84843,52,4521
"399",1049,84414,401,84414,84446,"not looking",3,80322,84843,52,4521
"400",1050,84447,402,84447,84479,"not looking",3,80322,84843,52,4521
"401",1051,84480,403,84480,84512,"not looking",3,80322,84843,52,4521
"402",1052,84513,404,84513,84545,"not looking",3,80322,84843,52,4521
"403",1053,84546,405,84546,84578,"not looking",3,80322,84843,52,4521
"404",1054,84579,406,84579,84611,"not looking",3,80322,84843,52,4521
"405",1055,84612,407,84612,84644,"not looking",3,80322,84843,52,4521
"406",1056,84645,408,84645,84677,"not looking",3,80322,84843,52,4521
"407",1057,84678,409,84678,84710,"not looking",3,80322,84843,52,4521
"408",1058,84711,410,84711,84743,"not looking",3,80322,84843,52,4521
"409",1059,84744,411,84744,84776,"not looking",3,80322,84843,52,4521
"410",1060,84777,412,84777,84809,"not looking",3,80322,84843,52,4521
"411",1061,84810,413,84810,84842,"not looking",3,80322,84843,52,4521
"412",1062,84843,414,84843,84875,"not looking",3,80322,84843,52,4521
"413",1420,96657,415,96657,96689,"not looking",4,96657,101178,67,4521
"414",1421,96690,416,96690,96722,"not looking",4,96657,101178,67,4521
"415",1422,96723,417,96723,96755,"not looking",4,96657,101178,67,4521
"416",1423,96756,418,96756,96788,"not looking",4,96657,101178,67,4521
"417",1424,96789,419,96789,96821,"not looking",4,96657,101178,67,4521
"418",1425,96822,420,96822,96854,"not looking",4,96657,101178,67,4521
"419",1426,96855,421,96855,96887,"not looking",4,96657,101178,67,4521
"420",1427,96888,422,96888,96920,"left",4,96657,101178,67,4521
"421",1428,96921,423,96921,96953,"left",4,96657,101178,67,4521
"422",1429,96954,424,96954,96986,"left",4,96657,101178,67,4521
"423",1430,96987,425,96987,97019,"not looking",4,96657,101178,67,4521
"424",1431,97020,426,97020,97052,"not looking",4,96657,101178,67,4521
"425",1432,97053,427,97053,97085,"not looking",4,96657,101178,67,4521
"426",1433,97086,428,97086,97118,"not looking",4,96657,101178,67,4521
"427",1434,97119,429,97119,97151,"left",4,96657,101178,67,4521
"428",1435,97152,430,97152,97184,"left",4,96657,101178,67,4521
"429",1436,97185,431,97185,97217,"left",4,96657,101178,67,4521
"430",1437,97218,432,97218,97250,"left",4,96657,101178,67,4521
"431",1438,97251,433,97251,97283,"left",4,96657,101178,67,4521
"432",1439,97284,434,97284,97316,"left",4,96657,101178,67,4521
"433",1440,97317,435,97317,97349,"left",4,96657,101178,67,4521
"434",1441,97350,436,97350,97382,"left",4,96657,101178,67,4521
"435",1442,97383,437,97383,97415,"left",4,96657,101178,67,4521
"436",1443,97416,438,97416,97448,"left",4,96657,101178,67,4521
"437",1444,97449,439,97449,97481,"left",4,96657,101178,67,4521
"438",1445,97482,440,97482,97514,"left",4,96657,101178,67,4521
"439",1446,97515,441,97515,97547,"left",4,96657,101178,67,4521
"440",1447,97548,442,97548,97580,"left",4,96657,101178,67,4521
"441",1448,97581,443,97581,97613,"left",4,96657,101178,67,4521
"442",1449,97614,444,97614,97646,"left",4,96657,101178,67,4521
"443",1450,97647,445,97647,97679,"left",4,96657,101178,67,4521
"444",1451,97680,446,97680,97712,"left",4,96657,101178,67,4521
"445",1452,97713,447,97713,97745,"left",4,96657,101178,67,4521
"446",1453,97746,448,97746,97778,"left",4,96657,101178,67,4521
"447",1454,97779,449,97779,97811,"left",4,96657,101178,67,4521
"448",1455,97812,450,97812,97844,"left",4,96657,101178,67,4521
"449",1456,97845,451,97845,97877,"left",4,96657,101178,67,4521
"450",1457,97878,452,97878,97910,"left",4,96657,101178,67,4521
"451",1458,97911,453,97911,97943,"left",4,96657,101178,67,4521
"452",1459,97944,454,97944,97976,"left",4,96657,101178,67,4521
"453",1460,97977,455,97977,98009,"",4,96657,101178,67,4521
"454",1461,98010,456,98010,98042,"left",4,96657,101178,67,4521
"455",1462,98043,457,98043,98075,"left",4,96657,101178,67,4521
"456",1463,98076,458,98076,98108,"left",4,96657,101178,67,4521
"457",1464,98109,459,98109,98141,"left",4,96657,101178,67,4521
"458",1465,98142,460,98142,98174,"left",4,96657,101178,67,4521
"459",1466,98175,461,98175,98207,"left",4,96657,101178,67,4521
"460",1467,98208,462,98208,98240,"not looking",4,96657,101178,67,4521
"461",1468,98241,463,98241,98273,"not looking",4,96657,101178,67,4521
"462",1469,98274,464,98274,98306,"not looking",4,96657,101178,67,4521
"463",1470,98307,465,98307,98339,"left",4,96657,101178,67,4521
"464",1471,98340,466,98340,98372,"left",4,96657,101178,67,4521
"465",1472,98373,467,98373,98405,"left",4,96657,101178,67,4521
"466",1473,98406,468,98406,98438,"inbetween",4,96657,101178,67,4521
"467",1474,98439,469,98439,98471,"left",4,96657,101178,67,4521
"468",1475,98472,470,98472,98504,"left",4,96657,101178,67,4521
"469",1476,98505,471,98505,98537,"left",4,96657,101178,67,4521
"470",1477,98538,472,98538,98570,"left",4,96657,101178,67,4521
"471",1478,98571,473,98571,98603,"left",4,96657,101178,67,4521
"472",1479,98604,474,98604,98636,"not looking",4,96657,101178,67,4521
"473",1480,98637,475,98637,98669,"not looking",4,96657,101178,67,4521
"474",1481,98670,476,98670,98702,"not looking",4,96657,101178,67,4521
"475",1482,98703,477,98703,98735,"not looking",4,96657,101178,67,4521
"476",1483,98736,478,98736,98768,"not looking",4,96657,101178,67,4521
"477",1484,98769,479,98769,98801,"not looking",4,96657,101178,67,4521
"478",1485,98802,480,98802,98834,"not looking",4,96657,101178,67,4521
"479",1486,98835,481,98835,98867,"not looking",4,96657,101178,67,4521
"480",1487,98868,482,98868,98900,"not looking",4,96657,101178,67,4521
"481",1488,98901,483,98901,98933,"not looking",4,96657,101178,67,4521
"482",1489,98934,484,98934,98966,"not looking",4,96657,101178,67,4521
"483",1490,98967,485,98967,98999,"not looking",4,96657,101178,67,4521
"484",1491,99000,486,99000,99032,"not looking",4,96657,101178,67,4521
"485",1492,99033,487,99033,99065,"not looking",4,96657,101178,67,4521
"486",1493,99066,488,99066,99098,"not looking",4,96657,101178,67,4521
"487",1494,99099,489,99099,99131,"not looking",4,96657,101178,67,4521
"488",1495,99132,490,99132,99164,"not looking",4,96657,101178,67,4521
"489",1496,99165,491,99165,99197,"not looking",4,96657,101178,67,4521
"490",1497,99198,492,99198,99230,"not looking",4,96657,101178,67,4521
"491",1498,99231,493,99231,99263,"not looking",4,96657,101178,67,4521
"492",1499,99264,494,99264,99296,"not looking",4,96657,101178,67,4521
"493",1500,99297,495,99297,99329,"not looking",4,96657,101178,67,4521
"494",1501,99330,496,99330,99362,"not looking",4,96657,101178,67,4521
"495",1502,99363,497,99363,99395,"not looking",4,96657,101178,67,4521
"496",1503,99396,498,99396,99428,"not looking",4,96657,101178,67,4521
"497",1504,99429,499,99429,99461,"not looking",4,96657,101178,67,4521
"498",1505,99462,500,99462,99494,"not looking",4,96657,101178,67,4521
"499",1506,99495,501,99495,99527,"not looking",4,96657,101178,67,4521
"500",1507,99528,502,99528,99560,"not looking",4,96657,101178,67,4521
"501",1508,99561,503,99561,99593,"not looking",4,96657,101178,67,4521
"502",1509,99594,504,99594,99626,"not looking",4,96657,101178,67,4521
"503",1510,99627,505,99627,99659,"not looking",4,96657,101178,67,4521
"504",1511,99660,506,99660,99692,"not looking",4,96657,101178,67,4521
"505",1512,99693,507,99693,99725,"not looking",4,96657,101178,67,4521
"506",1513,99726,508,99726,99758,"not looking",4,96657,101178,67,4521
"507",1514,99759,509,99759,99791,"not looking",4,96657,101178,67,4521
"508",1515,99792,510,99792,99824,"not looking",4,96657,101178,67,4521
"509",1516,99825,511,99825,99857,"not looking",4,96657,101178,67,4521
"510",1517,99858,512,99858,99890,"not looking",4,96657,101178,67,4521
"511",1518,99891,513,99891,99923,"not looking",4,96657,101178,67,4521
"512",1519,99924,514,99924,99956,"not looking",4,96657,101178,67,4521
"513",1520,99957,515,99957,99989,"not looking",4,96657,101178,67,4521
"514",1521,99990,516,99990,100022,"not looking",4,96657,101178,67,4521
"515",1522,100023,517,100023,100055,"not looking",4,96657,101178,67,4521
"516",1523,100056,518,100056,100088,"not looking",4,96657,101178,67,4521
"517",1524,100089,519,100089,100121,"not looking",4,96657,101178,67,4521
"518",1525,100122,520,100122,100154,"not looking",4,96657,101178,67,4521
"519",1526,100155,521,100155,100187,"not looking",4,96657,101178,67,4521
"520",1527,100188,522,100188,100220,"not looking",4,96657,101178,67,4521
"521",1528,100221,523,100221,100253,"not looking",4,96657,101178,67,4521
"522",1529,100254,524,100254,100286,"not looking",4,96657,101178,67,4521
"523",1530,100287,525,100287,100319,"not looking",4,96657,101178,67,4521
"524",1531,100320,526,100320,100352,"not looking",4,96657,101178,67,4521
"525",1532,100353,527,100353,100385,"not looking",4,96657,101178,67,4521
"526",1533,100386,528,100386,100418,"not looking",4,96657,101178,67,4521
"527",1534,100419,529,100419,100451,"not looking",4,96657,101178,67,4521
"528",1535,100452,530,100452,100484,"not looking",4,96657,101178,67,4521
"529",1536,100485,531,100485,100517,"not looking",4,96657,101178,67,4521
"530",1537,100518,532,100518,100550,"not looking",4,96657,101178,67,4521
"531",1538,100551,533,100551,100583,"not looking",4,96657,101178,67,4521
"532",1539,100584,534,100584,100616,"not looking",4,96657,101178,67,4521
"533",1540,100617,535,100617,100649,"not looking",4,96657,101178,67,4521
"534",1541,100650,536,100650,100682,"not looking",4,96657,101178,67,4521
"535",1542,100683,537,100683,100715,"not looking",4,96657,101178,67,4521
"536",1543,100716,538,100716,100748,"left",4,96657,101178,67,4521
"537",1544,100749,539,100749,100781,"left",4,96657,101178,67,4521
"538",1545,100782,540,100782,100814,"left",4,96657,101178,67,4521
"539",1546,100815,541,100815,100847,"left",4,96657,101178,67,4521
"540",1547,100848,542,100848,100880,"left",4,96657,101178,67,4521
"541",1548,100881,543,100881,100913,"left",4,96657,101178,67,4521
"542",1549,100914,544,100914,100946,"not looking",4,96657,101178,67,4521
"543",1550,100947,545,100947,100979,"left",4,96657,101178,67,4521
"544",1551,100980,546,100980,101012,"left",4,96657,101178,67,4521
"545",1552,101013,547,101013,101045,"left",4,96657,101178,67,4521
"546",1553,101046,548,101046,101078,"left",4,96657,101178,67,4521
"547",1554,101079,549,101079,101111,"left",4,96657,101178,67,4521
"548",1555,101112,550,101112,101144,"left",4,96657,101178,67,4521
"549",1556,101145,551,101145,101177,"left",4,96657,101178,67,4521
"550",1557,101178,552,101178,101210,"left",4,96657,101178,67,4521
"551",1888,112101,553,112101,112133,"not looking",5,112101,116589,36,4488
"552",1889,112134,554,112134,112166,"not looking",5,112101,116589,36,4488
"553",1890,112167,555,112167,112199,"not looking",5,112101,116589,36,4488
"554",1891,112200,556,112200,112232,"not looking",5,112101,116589,36,4488
"555",1892,112233,557,112233,112265,"not looking",5,112101,116589,36,4488
"556",1893,112266,558,112266,112298,"not looking",5,112101,116589,36,4488
"557",1894,112299,559,112299,112331,"not looking",5,112101,116589,36,4488
"558",1895,112332,560,112332,112364,"not looking",5,112101,116589,36,4488
"559",1896,112365,561,112365,112397,"not looking",5,112101,116589,36,4488
"560",1897,112398,562,112398,112430,"not looking",5,112101,116589,36,4488
"561",1898,112431,563,112431,112463,"not looking",5,112101,116589,36,4488
"562",1899,112464,564,112464,112496,"not looking",5,112101,116589,36,4488
"563",1900,112497,565,112497,112529,"not looking",5,112101,116589,36,4488
"564",1901,112530,566,112530,112562,"not looking",5,112101,116589,36,4488
"565",1902,112563,567,112563,112595,"not looking",5,112101,116589,36,4488
"566",1903,112596,568,112596,112628,"left",5,112101,116589,36,4488
"567",1904,112629,569,112629,112661,"left",5,112101,116589,36,4488
"568",1905,112662,570,112662,112694,"right",5,112101,116589,36,4488
"569",1906,112695,571,112695,112727,"right",5,112101,116589,36,4488
"570",1907,112728,572,112728,112760,"not looking",5,112101,116589,36,4488
"571",1908,112761,573,112761,112793,"not looking",5,112101,116589,36,4488
"572",1909,112794,574,112794,112826,"not looking",5,112101,116589,36,4488
"573",1910,112827,575,112827,112859,"not looking",5,112101,116589,36,4488
"574",1911,112860,576,112860,112892,"not looking",5,112101,116589,36,4488
"575",1912,112893,577,112893,112925,"not looking",5,112101,116589,36,4488
"576",1913,112926,578,112926,112958,"not looking",5,112101,116589,36,4488
"577",1914,112959,579,112959,112991,"not looking",5,112101,116589,36,4488
"578",1915,112992,580,112992,113024,"not looking",5,112101,116589,36,4488
"579",1916,113025,581,113025,113057,"not looking",5,112101,116589,36,4488
"580",1917,113058,582,113058,113090,"not looking",5,112101,116589,36,4488
"581",1918,113091,583,113091,113123,"not looking",5,112101,116589,36,4488
"582",1919,113124,584,113124,113156,"not looking",5,112101,116589,36,4488
"583",1920,113157,585,113157,113189,"not looking",5,112101,116589,36,4488
"584",1921,113190,586,113190,113222,"not looking",5,112101,116589,36,4488
"585",1922,113223,587,113223,113255,"not looking",5,112101,116589,36,4488
"586",1923,113256,588,113256,113288,"not looking",5,112101,116589,36,4488
"587",1924,113289,589,113289,113321,"not looking",5,112101,116589,36,4488
"588",1925,113322,590,113322,113354,"not looking",5,112101,116589,36,4488
"589",1926,113355,591,113355,113387,"not looking",5,112101,116589,36,4488
"590",1927,113388,592,113388,113420,"not looking",5,112101,116589,36,4488
"591",1928,113421,593,113421,113453,"not looking",5,112101,116589,36,4488
"592",1929,113454,594,113454,113486,"not looking",5,112101,116589,36,4488
"593",1930,113487,595,113487,113519,"not looking",5,112101,116589,36,4488
"594",1931,113520,596,113520,113552,"not looking",5,112101,116589,36,4488
"595",1932,113553,597,113553,113585,"not looking",5,112101,116589,36,4488
"596",1933,113586,598,113586,113618,"not looking",5,112101,116589,36,4488
"597",1934,113619,599,113619,113651,"not looking",5,112101,116589,36,4488
"598",1935,113652,600,113652,113684,"not looking",5,112101,116589,36,4488
"599",1936,113685,601,113685,113717,"not looking",5,112101,116589,36,4488
"600",1937,113718,602,113718,113750,"not looking",5,112101,116589,36,4488
"601",1938,113751,603,113751,113783,"not looking",5,112101,116589,36,4488
"602",1939,113784,604,113784,113816,"not looking",5,112101,116589,36,4488
"603",1940,113817,605,113817,113849,"not looking",5,112101,116589,36,4488
"604",1941,113850,606,113850,113882,"not looking",5,112101,116589,36,4488
"605",1942,113883,607,113883,113915,"not looking",5,112101,116589,36,4488
"606",1943,113916,608,113916,113948,"not looking",5,112101,116589,36,4488
"607",1944,113949,609,113949,113981,"not looking",5,112101,116589,36,4488
"608",1945,113982,610,113982,114014,"not looking",5,112101,116589,36,4488
"609",1946,114015,611,114015,114047,"not looking",5,112101,116589,36,4488
"610",1947,114048,612,114048,114080,"not looking",5,112101,116589,36,4488
"611",1948,114081,613,114081,114113,"not looking",5,112101,116589,36,4488
"612",1949,114114,614,114114,114146,"not looking",5,112101,116589,36,4488
"613",1950,114147,615,114147,114179,"left",5,112101,116589,36,4488
"614",1951,114180,616,114180,114212,"not looking",5,112101,116589,36,4488
"615",1952,114213,617,114213,114245,"not looking",5,112101,116589,36,4488
"616",1953,114246,618,114246,114278,"left",5,112101,116589,36,4488
"617",1954,114279,619,114279,114311,"left",5,112101,116589,36,4488
"618",1955,114312,620,114312,114344,"left",5,112101,116589,36,4488
"619",1956,114345,621,114345,114377,"left",5,112101,116589,36,4488
"620",1957,114378,622,114378,114410,"left",5,112101,116589,36,4488
"621",1958,114411,623,114411,114443,"not looking",5,112101,116589,36,4488
"622",1959,114444,624,114444,114476,"not looking",5,112101,116589,36,4488
"623",1960,114477,625,114477,114509,"not looking",5,112101,116589,36,4488
"624",1961,114510,626,114510,114542,"not looking",5,112101,116589,36,4488
"625",1962,114543,627,114543,114575,"not looking",5,112101,116589,36,4488
"626",1963,114576,628,114576,114608,"not looking",5,112101,116589,36,4488
"627",1964,114609,629,114609,114641,"not looking",5,112101,116589,36,4488
"628",1965,114642,630,114642,114674,"not looking",5,112101,116589,36,4488
"629",1966,114675,631,114675,114707,"not looking",5,112101,116589,36,4488
"630",1967,114708,632,114708,114740,"not looking",5,112101,116589,36,4488
"631",1968,114741,633,114741,114773,"not looking",5,112101,116589,36,4488
"632",1969,114774,634,114774,114806,"not looking",5,112101,116589,36,4488
"633",1970,114807,635,114807,114839,"not looking",5,112101,116589,36,4488
"634",1971,114840,636,114840,114872,"not looking",5,112101,116589,36,4488
"635",1972,114873,637,114873,114905,"not looking",5,112101,116589,36,4488
"636",1973,114906,638,114906,114938,"not looking",5,112101,116589,36,4488
"637",1974,114939,639,114939,114971,"not looking",5,112101,116589,36,4488
"638",1975,114972,640,114972,115004,"not looking",5,112101,116589,36,4488
"639",1976,115005,641,115005,115037,"not looking",5,112101,116589,36,4488
"640",1977,115038,642,115038,115070,"not looking",5,112101,116589,36,4488
"641",1978,115071,643,115071,115103,"not looking",5,112101,116589,36,4488
"642",1979,115104,644,115104,115136,"not looking",5,112101,116589,36,4488
"643",1980,115137,645,115137,115169,"not looking",5,112101,116589,36,4488
"644",1981,115170,646,115170,115202,"not looking",5,112101,116589,36,4488
"645",1982,115203,647,115203,115235,"not looking",5,112101,116589,36,4488
"646",1983,115236,648,115236,115268,"not looking",5,112101,116589,36,4488
"647",1984,115269,649,115269,115301,"not looking",5,112101,116589,36,4488
"648",1985,115302,650,115302,115334,"not looking",5,112101,116589,36,4488
"649",1986,115335,651,115335,115367,"not looking",5,112101,116589,36,4488
"650",1987,115368,652,115368,115400,"not looking",5,112101,116589,36,4488
"651",1988,115401,653,115401,115433,"not looking",5,112101,116589,36,4488
"652",1989,115434,654,115434,115466,"not looking",5,112101,116589,36,4488
"653",1990,115467,655,115467,115499,"not looking",5,112101,116589,36,4488
"654",1991,115500,656,115500,115532,"not looking",5,112101,116589,36,4488
"655",1992,115533,657,115533,115565,"not looking",5,112101,116589,36,4488
"656",1993,115566,658,115566,115598,"not looking",5,112101,116589,36,4488
"657",1994,115599,659,115599,115631,"not looking",5,112101,116589,36,4488
"658",1995,115632,660,115632,115664,"not looking",5,112101,116589,36,4488
"659",1996,115665,661,115665,115697,"not looking",5,112101,116589,36,4488
"660",1997,115698,662,115698,115730,"not looking",5,112101,116589,36,4488
"661",1998,115731,663,115731,115763,"not looking",5,112101,116589,36,4488
"662",1999,115764,664,115764,115796,"not looking",5,112101,116589,36,4488
"663",2000,115797,665,115797,115829,"not looking",5,112101,116589,36,4488
"664",2001,115830,666,115830,115862,"not looking",5,112101,116589,36,4488
"665",2002,115863,667,115863,115895,"not looking",5,112101,116589,36,4488
"666",2003,115896,668,115896,115928,"not looking",5,112101,116589,36,4488
"667",2004,115929,669,115929,115961,"not looking",5,112101,116589,36,4488
"668",2005,115962,670,115962,115994,"not looking",5,112101,116589,36,4488
"669",2006,115995,671,115995,116027,"not looking",5,112101,116589,36,4488
"670",2007,116028,672,116028,116060,"not looking",5,112101,116589,36,4488
"671",2008,116061,673,116061,116126,"not looking",5,112101,116589,36,4488
"672",2009,116094,673,116061,116126,"not looking",5,112101,116589,36,4488
"673",2010,116127,674,116127,116159,"not looking",5,112101,116589,36,4488
"674",2011,116160,675,116160,116192,"not looking",5,112101,116589,36,4488
"675",2012,116193,676,116193,116225,"not looking",5,112101,116589,36,4488
"676",2013,116226,677,116226,116258,"not looking",5,112101,116589,36,4488
"677",2014,116259,678,116259,116291,"not looking",5,112101,116589,36,4488
"678",2015,116292,679,116292,116324,"not looking",5,112101,116589,36,4488
"679",2016,116325,680,116325,116357,"not looking",5,112101,116589,36,4488
"680",2017,116358,681,116358,116390,"not looking",5,112101,116589,36,4488
"681",2018,116391,682,116391,116423,"not looking",5,112101,116589,36,4488
"682",2019,116424,683,116424,116456,"not looking",5,112101,116589,36,4488
"683",2020,116457,684,116457,116489,"left",5,112101,116589,36,4488
"684",2021,116490,685,116490,116522,"left",5,112101,116589,36,4488
"685",2022,116523,686,116523,116555,"left",5,112101,116589,36,4488
"686",2023,116556,687,116556,116588,"left",5,112101,116589,36,4488
"687",2024,116589,688,116589,116621,"left",5,112101,116589,36,4488
"688",2347,127248,689,127248,127280,"not looking",6,127248,131736,48,4488
"689",2348,127281,690,127281,127313,"not looking",6,127248,131736,48,4488
"690",2349,127314,691,127314,127346,"not looking",6,127248,131736,48,4488
"691",2350,127347,692,127347,127379,"not looking",6,127248,131736,48,4488
"692",2351,127380,693,127380,127412,"not looking",6,127248,131736,48,4488
"693",2352,127413,694,127413,127445,"left",6,127248,131736,48,4488
"694",2353,127446,695,127446,127478,"left",6,127248,131736,48,4488
"695",2354,127479,696,127479,127511,"left",6,127248,131736,48,4488
"696",2355,127512,697,127512,127544,"left",6,127248,131736,48,4488
"697",2356,127545,698,127545,127577,"left",6,127248,131736,48,4488
"698",2357,127578,699,127578,127610,"left",6,127248,131736,48,4488
"699",2358,127611,700,127611,127643,"not looking",6,127248,131736,48,4488
"700",2359,127644,701,127644,127676,"not looking",6,127248,131736,48,4488
"701",2360,127677,702,127677,127709,"not looking",6,127248,131736,48,4488
"702",2361,127710,703,127710,127742,"not looking",6,127248,131736,48,4488
"703",2362,127743,704,127743,127775,"not looking",6,127248,131736,48,4488
"704",2363,127776,705,127776,127808,"not looking",6,127248,131736,48,4488
"705",2364,127809,706,127809,127841,"not looking",6,127248,131736,48,4488
"706",2365,127842,707,127842,127874,"not looking",6,127248,131736,48,4488
"707",2366,127875,708,127875,127907,"not looking",6,127248,131736,48,4488
"708",2367,127908,709,127908,127940,"not looking",6,127248,131736,48,4488
"709",2368,127941,710,127941,127973,"not looking",6,127248,131736,48,4488
"710",2369,127974,711,127974,128006,"not looking",6,127248,131736,48,4488
"711",2370,128007,712,128007,128039,"not looking",6,127248,131736,48,4488
"712",2371,128040,713,128040,128072,"not looking",6,127248,131736,48,4488
"713",2372,128073,714,128073,128105,"not looking",6,127248,131736,48,4488
"714",2373,128106,715,128106,128138,"not looking",6,127248,131736,48,4488
"715",2374,128139,716,128139,128171,"not looking",6,127248,131736,48,4488
"716",2375,128172,717,128172,128204,"not looking",6,127248,131736,48,4488
"717",2376,128205,718,128205,128237,"not looking",6,127248,131736,48,4488
"718",2377,128238,719,128238,128270,"not looking",6,127248,131736,48,4488
"719",2378,128271,720,128271,128303,"not looking",6,127248,131736,48,4488
"720",2379,128304,721,128304,128336,"not looking",6,127248,131736,48,4488
"721",2380,128337,722,128337,128369,"not looking",6,127248,131736,48,4488
"722",2381,128370,723,128370,128402,"not looking",6,127248,131736,48,4488
"723",2382,128403,724,128403,128435,"not looking",6,127248,131736,48,4488
"724",2383,128436,725,128436,128468,"not looking",6,127248,131736,48,4488
"725",2384,128469,726,128469,128501,"not looking",6,127248,131736,48,4488
"726",2385,128502,727,128502,128534,"left",6,127248,131736,48,4488
"727",2386,128535,728,128535,128567,"left",6,127248,131736,48,4488
"728",2387,128568,729,128568,128600,"left",6,127248,131736,48,4488
"729",2388,128601,730,128601,128633,"left",6,127248,131736,48,4488
"730",2389,128634,731,128634,128666,"left",6,127248,131736,48,4488
"731",2390,128667,732,128667,128699,"not looking",6,127248,131736,48,4488
"732",2391,128700,733,128700,128732,"not looking",6,127248,131736,48,4488
"733",2392,128733,734,128733,128765,"not looking",6,127248,131736,48,4488
"734",2393,128766,735,128766,128798,"not looking",6,127248,131736,48,4488
"735",2394,128799,736,128799,128831,"not looking",6,127248,131736,48,4488
"736",2395,128832,737,128832,128864,"not looking",6,127248,131736,48,4488
"737",2396,128865,738,128865,128897,"not looking",6,127248,131736,48,4488
"738",2397,128898,739,128898,128930,"not looking",6,127248,131736,48,4488
"739",2398,128931,740,128931,128963,"not looking",6,127248,131736,48,4488
"740",2399,128964,741,128964,128996,"not looking",6,127248,131736,48,4488
"741",2400,128997,742,128997,129029,"not looking",6,127248,131736,48,4488
"742",2401,129030,743,129030,129062,"not looking",6,127248,131736,48,4488
"743",2402,129063,744,129063,129095,"not looking",6,127248,131736,48,4488
"744",2403,129096,745,129096,129128,"not looking",6,127248,131736,48,4488
"745",2404,129129,746,129129,129161,"not looking",6,127248,131736,48,4488
"746",2405,129162,747,129162,129194,"not looking",6,127248,131736,48,4488
"747",2406,129195,748,129195,129227,"not looking",6,127248,131736,48,4488
"748",2407,129228,749,129228,129260,"left",6,127248,131736,48,4488
"749",2408,129261,750,129261,129293,"left",6,127248,131736,48,4488
"750",2409,129294,751,129294,129326,"not looking",6,127248,131736,48,4488
"751",2410,129327,752,129327,129359,"not looking",6,127248,131736,48,4488
"752",2411,129360,753,129360,129392,"not looking",6,127248,131736,48,4488
"753",2412,129393,754,129393,129425,"not looking",6,127248,131736,48,4488
"754",2413,129426,755,129426,129458,"not looking",6,127248,131736,48,4488
"755",2414,129459,756,129459,129491,"not looking",6,127248,131736,48,4488
"756",2415,129492,757,129492,129524,"not looking",6,127248,131736,48,4488
"757",2416,129525,758,129525,129557,"not looking",6,127248,131736,48,4488
"758",2417,129558,759,129558,129590,"not looking",6,127248,131736,48,4488
"759",2418,129591,760,129591,129623,"not looking",6,127248,131736,48,4488
"760",2419,129624,761,129624,129656,"not looking",6,127248,131736,48,4488
"761",2420,129657,762,129657,129689,"not looking",6,127248,131736,48,4488
"762",2421,129690,763,129690,129722,"not looking",6,127248,131736,48,4488
"763",2422,129723,764,129723,129755,"not looking",6,127248,131736,48,4488
"764",2423,129756,765,129756,129788,"not looking",6,127248,131736,48,4488
"765",2424,129789,766,129789,129821,"not looking",6,127248,131736,48,4488
"766",2425,129822,767,129822,129854,"not looking",6,127248,131736,48,4488
"767",2426,129855,768,129855,129887,"not looking",6,127248,131736,48,4488
"768",2427,129888,769,129888,129920,"not looking",6,127248,131736,48,4488
"769",2428,129921,770,129921,129953,"not looking",6,127248,131736,48,4488
"770",2429,129954,771,129954,129986,"not looking",6,127248,131736,48,4488
"771",2430,129987,772,129987,130019,"not looking",6,127248,131736,48,4488
"772",2431,130020,773,130020,130052,"not looking",6,127248,131736,48,4488
"773",2432,130053,774,130053,130085,"not looking",6,127248,131736,48,4488
"774",2433,130086,775,130086,130118,"not looking",6,127248,131736,48,4488
"775",2434,130119,776,130119,130151,"not looking",6,127248,131736,48,4488
"776",2435,130152,777,130152,130184,"not looking",6,127248,131736,48,4488
"777",2436,130185,778,130185,130217,"not looking",6,127248,131736,48,4488
"778",2437,130218,779,130218,130250,"not looking",6,127248,131736,48,4488
"779",2438,130251,780,130251,130283,"not looking",6,127248,131736,48,4488
"780",2439,130284,781,130284,130316,"not looking",6,127248,131736,48,4488
"781",2440,130317,782,130317,130349,"not looking",6,127248,131736,48,4488
"782",2441,130350,783,130350,130382,"not looking",6,127248,131736,48,4488
"783",2442,130383,784,130383,130415,"not looking",6,127248,131736,48,4488
"784",2443,130416,785,130416,130448,"not looking",6,127248,131736,48,4488
"785",2444,130449,786,130449,130481,"not looking",6,127248,131736,48,4488
"786",2445,130482,787,130482,130514,"not looking",6,127248,131736,48,4488
"787",2446,130515,788,130515,130547,"not looking",6,127248,131736,48,4488
"788",2447,130548,789,130548,130580,"not looking",6,127248,131736,48,4488
"789",2448,130581,790,130581,130613,"not looking",6,127248,131736,48,4488
"790",2449,130614,791,130614,130646,"not looking",6,127248,131736,48,4488
"791",2450,130647,792,130647,130679,"not looking",6,127248,131736,48,4488
"792",2451,130680,793,130680,130712,"not looking",6,127248,131736,48,4488
"793",2452,130713,794,130713,130745,"not looking",6,127248,131736,48,4488
"794",2453,130746,795,130746,130778,"left",6,127248,131736,48,4488
"795",2454,130779,796,130779,130811,"left",6,127248,131736,48,4488
"796",2455,130812,797,130812,130844,"left",6,127248,131736,48,4488
"797",2456,130845,798,130845,130877,"left",6,127248,131736,48,4488
"798",2457,130878,799,130878,130910,"left",6,127248,131736,48,4488
"799",2458,130911,800,130911,130943,"left",6,127248,131736,48,4488
"800",2459,130944,801,130944,130976,"left",6,127248,131736,48,4488
"801",2460,130977,802,130977,131009,"left",6,127248,131736,48,4488
"802",2461,131010,803,131010,131042,"left",6,127248,131736,48,4488
"803",2462,131043,804,131043,131075,"left",6,127248,131736,48,4488
"804",2463,131076,805,131076,131108,"left",6,127248,131736,48,4488
"805",2464,131109,806,131109,131141,"left",6,127248,131736,48,4488
"806",2465,131142,807,131142,131174,"left",6,127248,131736,48,4488
"807",2466,131175,808,131175,131207,"left",6,127248,131736,48,4488
"808",2467,131208,809,131208,131240,"left",6,127248,131736,48,4488
"809",2468,131241,810,131241,131273,"left",6,127248,131736,48,4488
"810",2469,131274,811,131274,131306,"left",6,127248,131736,48,4488
"811",2470,131307,812,131307,131339,"left",6,127248,131736,48,4488
"812",2471,131340,813,131340,131372,"left",6,127248,131736,48,4488
"813",2472,131373,814,131373,131405,"left",6,127248,131736,48,4488
"814",2473,131406,815,131406,131438,"left",6,127248,131736,48,4488
"815",2474,131439,816,131439,131471,"left",6,127248,131736,48,4488
"816",2475,131472,817,131472,131504,"left",6,127248,131736,48,4488
"817",2476,131505,818,131505,131537,"left",6,127248,131736,48,4488
"818",2477,131538,819,131538,131570,"left",6,127248,131736,48,4488
"819",2478,131571,820,131571,131603,"left",6,127248,131736,48,4488
"820",2479,131604,821,131604,131636,"left",6,127248,131736,48,4488
"821",2480,131637,822,131637,131669,"left",6,127248,131736,48,4488
"822",2481,131670,823,131670,131702,"left",6,127248,131736,48,4488
"823",2482,131703,824,131703,131735,"left",6,127248,131736,48,4488
"824",2483,131736,825,131736,131768,"left",6,127248,131736,48,4488
"825",2943,146916,826,146916,146948,"not looking",7,146916,151404,368,4488
"826",2944,146949,827,146949,146981,"not looking",7,146916,151404,368,4488
"827",2945,146982,828,146982,147014,"not looking",7,146916,151404,368,4488
"828",2946,147015,829,147015,147047,"not looking",7,146916,151404,368,4488
"829",2947,147048,830,147048,147080,"not looking",7,146916,151404,368,4488
"830",2948,147081,831,147081,147113,"not looking",7,146916,151404,368,4488
"831",2949,147114,832,147114,147146,"not looking",7,146916,151404,368,4488
"832",2950,147147,833,147147,147179,"not looking",7,146916,151404,368,4488
"833",2951,147180,834,147180,147212,"not looking",7,146916,151404,368,4488
"834",2952,147213,835,147213,147245,"not looking",7,146916,151404,368,4488
"835",2953,147246,836,147246,147278,"not looking",7,146916,151404,368,4488
"836",2954,147279,837,147279,147311,"not looking",7,146916,151404,368,4488
"837",2955,147312,838,147312,147344,"not looking",7,146916,151404,368,4488
"838",2956,147345,839,147345,147377,"not looking",7,146916,151404,368,4488
"839",2957,147378,840,147378,147410,"not looking",7,146916,151404,368,4488
"840",2958,147411,841,147411,147443,"not looking",7,146916,151404,368,4488
"841",2959,147444,842,147444,147476,"not looking",7,146916,151404,368,4488
"842",2960,147477,843,147477,147509,"not looking",7,146916,151404,368,4488
"843",2961,147510,844,147510,147542,"not looking",7,146916,151404,368,4488
"844",2962,147543,845,147543,147575,"left",7,146916,151404,368,4488
"845",2963,147576,846,147576,147608,"left",7,146916,151404,368,4488
"846",2964,147609,847,147609,147641,"left",7,146916,151404,368,4488
"847",2965,147642,848,147642,147674,"left",7,146916,151404,368,4488
"848",2966,147675,849,147675,147707,"left",7,146916,151404,368,4488
"849",2967,147708,850,147708,147740,"left",7,146916,151404,368,4488
"850",2968,147741,851,147741,147773,"left",7,146916,151404,368,4488
"851",2969,147774,852,147774,147806,"left",7,146916,151404,368,4488
"852",2970,147807,853,147807,147839,"left",7,146916,151404,368,4488
"853",2971,147840,854,147840,147872,"left",7,146916,151404,368,4488
"854",2972,147873,855,147873,147905,"left",7,146916,151404,368,4488
"855",2973,147906,856,147906,147938,"middle",7,146916,151404,368,4488
"856",2974,147939,857,147939,147971,"middle",7,146916,151404,368,4488
"857",2975,147972,858,147972,148004,"middle",7,146916,151404,368,4488
"858",2976,148005,859,148005,148037,"middle",7,146916,151404,368,4488
"859",2977,148038,860,148038,148070,"middle",7,146916,151404,368,4488
"860",2978,148071,861,148071,148103,"middle",7,146916,151404,368,4488
"861",2979,148104,862,148104,148136,"middle",7,146916,151404,368,4488
"862",2980,148137,863,148137,148169,"middle",7,146916,151404,368,4488
"863",2981,148170,864,148170,148202,"middle",7,146916,151404,368,4488
"864",2982,148203,865,148203,148235,"middle",7,146916,151404,368,4488
"865",2983,148236,866,148236,148268,"left",7,146916,151404,368,4488
"866",2984,148269,867,148269,148301,"not looking",7,146916,151404,368,4488
"867",2985,148302,868,148302,148334,"not looking",7,146916,151404,368,4488
"868",2986,148335,869,148335,148367,"left",7,146916,151404,368,4488
"869",2987,148368,870,148368,148400,"left",7,146916,151404,368,4488
"870",2988,148401,871,148401,148433,"left",7,146916,151404,368,4488
"871",2989,148434,872,148434,148466,"left",7,146916,151404,368,4488
"872",2990,148467,873,148467,148499,"left",7,146916,151404,368,4488
"873",2991,148500,874,148500,148532,"left",7,146916,151404,368,4488
"874",2992,148533,875,148533,148565,"left",7,146916,151404,368,4488
"875",2993,148566,876,148566,148598,"not looking",7,146916,151404,368,4488
"876",2994,148599,877,148599,148631,"left",7,146916,151404,368,4488
"877",2995,148632,878,148632,148664,"left",7,146916,151404,368,4488
"878",2996,148665,879,148665,148697,"not looking",7,146916,151404,368,4488
"879",2997,148698,880,148698,148730,"not looking",7,146916,151404,368,4488
"880",2998,148731,881,148731,148763,"not looking",7,146916,151404,368,4488
"881",2999,148764,882,148764,148796,"not looking",7,146916,151404,368,4488
"882",3000,148797,883,148797,148829,"not looking",7,146916,151404,368,4488
"883",3001,148830,884,148830,148862,"not looking",7,146916,151404,368,4488
"884",3002,148863,885,148863,148895,"not looking",7,146916,151404,368,4488
"885",3003,148896,886,148896,148928,"left",7,146916,151404,368,4488
"886",3004,148929,887,148929,148961,"middle",7,146916,151404,368,4488
"887",3006,148995,889,148995,149027,"left",7,146916,151404,368,4488
"888",3007,149028,890,149028,149060,"not looking",7,146916,151404,368,4488
"889",3008,149061,891,149061,149093,"left",7,146916,151404,368,4488
"890",3009,149094,892,149094,149126,"left",7,146916,151404,368,4488
"891",3010,149127,893,149127,149159,"left",7,146916,151404,368,4488
"892",3011,149160,894,149160,149192,"left",7,146916,151404,368,4488
"893",3012,149193,895,149193,149225,"left",7,146916,151404,368,4488
"894",3013,149226,896,149226,149258,"left",7,146916,151404,368,4488
"895",3014,149259,897,149259,149291,"left",7,146916,151404,368,4488
"896",3015,149292,898,149292,149324,"left",7,146916,151404,368,4488
"897",3016,149325,899,149325,149357,"left",7,146916,151404,368,4488
"898",3017,149358,900,149358,149390,"left",7,146916,151404,368,4488
"899",3018,149391,901,149391,149423,"left",7,146916,151404,368,4488
"900",3019,149424,902,149424,149456,"left",7,146916,151404,368,4488
"901",3020,149457,903,149457,149489,"left",7,146916,151404,368,4488
"902",3021,149490,904,149490,149522,"left",7,146916,151404,368,4488
"903",3022,149523,905,149523,149555,"left",7,146916,151404,368,4488
"904",3023,149556,906,149556,149588,"left",7,146916,151404,368,4488
"905",3024,149589,907,149589,149621,"left",7,146916,151404,368,4488
"906",3025,149622,908,149622,149654,"left",7,146916,151404,368,4488
"907",3026,149655,909,149655,149687,"left",7,146916,151404,368,4488
"908",3027,149688,910,149688,149720,"left",7,146916,151404,368,4488
"909",3028,149721,911,149721,149753,"left",7,146916,151404,368,4488
"910",3029,149754,912,149754,149786,"left",7,146916,151404,368,4488
"911",3030,149787,913,149787,149819,"left",7,146916,151404,368,4488
"912",3031,149820,914,149820,149852,"left",7,146916,151404,368,4488
"913",3032,149853,915,149853,149885,"left",7,146916,151404,368,4488
"914",3033,149886,916,149886,149918,"left",7,146916,151404,368,4488
"915",3034,149919,917,149919,149951,"left",7,146916,151404,368,4488
"916",3035,149952,918,149952,150017,"left",7,146916,151404,368,4488
"917",3036,149985,918,149952,150017,"left",7,146916,151404,368,4488
"918",3037,150018,919,150018,150050,"left",7,146916,151404,368,4488
"919",3038,150051,920,150051,150083,"left",7,146916,151404,368,4488
"920",3039,150084,921,150084,150116,"left",7,146916,151404,368,4488
"921",3040,150117,922,150117,150149,"left",7,146916,151404,368,4488
"922",3041,150150,923,150150,150182,"left",7,146916,151404,368,4488
"923",3042,150183,924,150183,150215,"",7,146916,151404,368,4488
"924",3043,150216,925,150216,150248,"left",7,146916,151404,368,4488
"925",3044,150249,926,150249,150281,"",7,146916,151404,368,4488
"926",3045,150282,927,150282,150314,"left",7,146916,151404,368,4488
"927",3046,150315,928,150315,150347,"",7,146916,151404,368,4488
"928",3047,150348,929,150348,150380,"left",7,146916,151404,368,4488
"929",3048,150381,930,150381,150413,"left",7,146916,151404,368,4488
"930",3049,150414,931,150414,150446,"left",7,146916,151404,368,4488
"931",3050,150447,932,150447,150479,"left",7,146916,151404,368,4488
"932",3051,150480,933,150480,150512,"left",7,146916,151404,368,4488
"933",3052,150513,934,150513,150545,"left",7,146916,151404,368,4488
"934",3053,150546,935,150546,150578,"left",7,146916,151404,368,4488
"935",3054,150579,936,150579,150611,"left",7,146916,151404,368,4488
"936",3055,150612,937,150612,150644,"left",7,146916,151404,368,4488
"937",3056,150645,938,150645,150677,"left",7,146916,151404,368,4488
"938",3057,150678,939,150678,150710,"left",7,146916,151404,368,4488
"939",3058,150711,940,150711,150743,"left",7,146916,151404,368,4488
"940",3059,150744,941,150744,150776,"left",7,146916,151404,368,4488
"941",3060,150777,942,150777,150809,"left",7,146916,151404,368,4488
"942",3061,150810,943,150810,150842,"left",7,146916,151404,368,4488
"943",3062,150843,944,150843,150875,"left",7,146916,151404,368,4488
"944",3063,150876,945,150876,150908,"left",7,146916,151404,368,4488
"945",3064,150909,946,150909,150941,"left",7,146916,151404,368,4488
"946",3065,150942,947,150942,150974,"left",7,146916,151404,368,4488
"947",3066,150975,948,150975,151007,"left",7,146916,151404,368,4488
"948",3067,151008,949,151008,151040,"left",7,146916,151404,368,4488
"949",3068,151041,950,151041,151073,"left",7,146916,151404,368,4488
"950",3069,151074,951,151074,151106,"left",7,146916,151404,368,4488
"951",3070,151107,952,151107,151139,"left",7,146916,151404,368,4488
"952",3071,151140,953,151140,151172,"left",7,146916,151404,368,4488
"953",3072,151173,954,151173,151205,"left",7,146916,151404,368,4488
"954",3073,151206,955,151206,151238,"left",7,146916,151404,368,4488
"955",3074,151239,956,151239,151271,"left",7,146916,151404,368,4488
"956",3075,151272,957,151272,151304,"left",7,146916,151404,368,4488
"957",3076,151305,958,151305,151337,"left",7,146916,151404,368,4488
"958",3077,151338,959,151338,151370,"left",7,146916,151404,368,4488
"959",3078,151371,960,151371,151403,"left",7,146916,151404,368,4488
"960",3079,151404,961,151404,151436,"left",7,146916,151404,368,4488
"961",3401,162030,962,162030,162062,"not looking",8,162030,166584,574,4554
"962",3402,162063,963,162063,162095,"not looking",8,162030,166584,574,4554
"963",3403,162096,964,162096,162128,"not looking",8,162030,166584,574,4554
"964",3404,162129,965,162129,162161,"not looking",8,162030,166584,574,4554
"965",3405,162162,966,162162,162194,"not looking",8,162030,166584,574,4554
"966",3406,162195,967,162195,162227,"not looking",8,162030,166584,574,4554
"967",3407,162228,968,162228,162260,"not looking",8,162030,166584,574,4554
"968",3408,162261,969,162261,162293,"left",8,162030,166584,574,4554
"969",3409,162294,970,162294,162326,"left",8,162030,166584,574,4554
"970",3410,162327,971,162327,162359,"left",8,162030,166584,574,4554
"971",3411,162360,972,162360,162392,"left",8,162030,166584,574,4554
"972",3412,162393,973,162393,162425,"left",8,162030,166584,574,4554
"973",3413,162426,974,162426,162458,"left",8,162030,166584,574,4554
"974",3414,162459,975,162459,162491,"left",8,162030,166584,574,4554
"975",3415,162492,976,162492,162524,"not looking",8,162030,166584,574,4554
"976",3416,162525,977,162525,162557,"not looking",8,162030,166584,574,4554
"977",3417,162558,978,162558,162590,"not looking",8,162030,166584,574,4554
"978",3418,162591,979,162591,162623,"not looking",8,162030,166584,574,4554
"979",3419,162624,980,162624,162656,"not looking",8,162030,166584,574,4554
"980",3420,162657,981,162657,162689,"not looking",8,162030,166584,574,4554
"981",3421,162690,982,162690,162722,"not looking",8,162030,166584,574,4554
"982",3422,162723,983,162723,162755,"not looking",8,162030,166584,574,4554
"983",3423,162756,984,162756,162788,"not looking",8,162030,166584,574,4554
"984",3424,162789,985,162789,162821,"not looking",8,162030,166584,574,4554
"985",3425,162822,986,162822,162854,"not looking",8,162030,166584,574,4554
"986",3426,162855,987,162855,162887,"not looking",8,162030,166584,574,4554
"987",3427,162888,988,162888,162920,"left",8,162030,166584,574,4554
"988",3428,162921,989,162921,162953,"left",8,162030,166584,574,4554
"989",3429,162954,990,162954,162986,"left",8,162030,166584,574,4554
"990",3430,162987,991,162987,163019,"left",8,162030,166584,574,4554
"991",3431,163020,992,163020,163052,"left",8,162030,166584,574,4554
"992",3432,163053,993,163053,163085,"left",8,162030,166584,574,4554
"993",3433,163086,994,163086,163118,"left",8,162030,166584,574,4554
"994",3434,163119,995,163119,163151,"left",8,162030,166584,574,4554
"995",3435,163152,996,163152,163184,"left",8,162030,166584,574,4554
"996",3436,163185,997,163185,163217,"left",8,162030,166584,574,4554
"997",3437,163218,998,163218,163250,"left",8,162030,166584,574,4554
"998",3438,163251,999,163251,163283,"left",8,162030,166584,574,4554
"999",3439,163284,1000,163284,163316,"left",8,162030,166584,574,4554
"1000",3440,163317,1001,163317,163349,"left",8,162030,166584,574,4554
"1001",3441,163350,1002,163350,163382,"left",8,162030,166584,574,4554
"1002",3442,163383,1003,163383,163415,"left",8,162030,166584,574,4554
"1003",3443,163416,1004,163416,163448,"left",8,162030,166584,574,4554
"1004",3444,163449,1005,163449,163481,"left",8,162030,166584,574,4554
"1005",3445,163482,1006,163482,163514,"left",8,162030,166584,574,4554
"1006",3446,163515,1007,163515,163547,"left",8,162030,166584,574,4554
"1007",3447,163548,1008,163548,163580,"left",8,162030,166584,574,4554
"1008",3448,163581,1009,163581,163613,"left",8,162030,166584,574,4554
"1009",3449,163614,1010,163614,163646,"left",8,162030,166584,574,4554
"1010",3450,163647,1011,163647,163679,"left",8,162030,166584,574,4554
"1011",3451,163680,1012,163680,163712,"left",8,162030,166584,574,4554
"1012",3452,163713,1013,163713,163745,"left",8,162030,166584,574,4554
"1013",3453,163746,1014,163746,163778,"left",8,162030,166584,574,4554
"1014",3454,163779,1015,163779,163811,"left",8,162030,166584,574,4554
"1015",3455,163812,1016,163812,163844,"left",8,162030,166584,574,4554
"1016",3456,163845,1017,163845,163877,"left",8,162030,166584,574,4554
"1017",3457,163878,1018,163878,163910,"left",8,162030,166584,574,4554
"1018",3458,163911,1019,163911,163943,"left",8,162030,166584,574,4554
"1019",3459,163944,1020,163944,163976,"left",8,162030,166584,574,4554
"1020",3460,163977,1021,163977,164009,"left",8,162030,166584,574,4554
"1021",3461,164010,1022,164010,164042,"left",8,162030,166584,574,4554
"1022",3462,164043,1023,164043,164075,"left",8,162030,166584,574,4554
"1023",3463,164076,1024,164076,164108,"left",8,162030,166584,574,4554
"1024",3464,164109,1025,164109,164141,"left",8,162030,166584,574,4554
"1025",3465,164142,1026,164142,164174,"left",8,162030,166584,574,4554
"1026",3466,164175,1027,164175,164207,"left",8,162030,166584,574,4554
"1027",3467,164208,1028,164208,164240,"left",8,162030,166584,574,4554
"1028",3468,164241,1029,164241,164273,"left",8,162030,166584,574,4554
"1029",3469,164274,1030,164274,164306,"left",8,162030,166584,574,4554
"1030",3470,164307,1031,164307,164339,"left",8,162030,166584,574,4554
"1031",3471,164340,1032,164340,164372,"left",8,162030,166584,574,4554
"1032",3472,164373,1033,164373,164405,"left",8,162030,166584,574,4554
"1033",3473,164406,1034,164406,164438,"left",8,162030,166584,574,4554
"1034",3474,164439,1035,164439,164471,"left",8,162030,166584,574,4554
"1035",3475,164472,1036,164472,164504,"left",8,162030,166584,574,4554
"1036",3476,164505,1037,164505,164537,"left",8,162030,166584,574,4554
"1037",3477,164538,1038,164538,164570,"left",8,162030,166584,574,4554
"1038",3478,164571,1039,164571,164603,"left",8,162030,166584,574,4554
"1039",3479,164604,1040,164604,164636,"left",8,162030,166584,574,4554
"1040",3480,164637,1041,164637,164669,"left",8,162030,166584,574,4554
"1041",3481,164670,1042,164670,164702,"left",8,162030,166584,574,4554
"1042",3482,164703,1043,164703,164735,"left",8,162030,166584,574,4554
"1043",3483,164736,1044,164736,164768,"left",8,162030,166584,574,4554
"1044",3484,164769,1045,164769,164801,"left",8,162030,166584,574,4554
"1045",3485,164802,1046,164802,164834,"left",8,162030,166584,574,4554
"1046",3486,164835,1047,164835,164867,"left",8,162030,166584,574,4554
"1047",3487,164868,1048,164868,164900,"left",8,162030,166584,574,4554
"1048",3488,164901,1049,164901,164933,"left",8,162030,166584,574,4554
"1049",3489,164934,1050,164934,164966,"left",8,162030,166584,574,4554
"1050",3490,164967,1051,164967,164999,"left",8,162030,166584,574,4554
"1051",3491,165000,1052,165000,165032,"left",8,162030,166584,574,4554
"1052",3492,165033,1053,165033,165065,"left",8,162030,166584,574,4554
"1053",3493,165066,1054,165066,165098,"left",8,162030,166584,574,4554
"1054",3494,165099,1055,165099,165131,"left",8,162030,166584,574,4554
"1055",3495,165132,1056,165132,165164,"not looking",8,162030,166584,574,4554
"1056",3496,165165,1057,165165,165197,"not looking",8,162030,166584,574,4554
"1057",3497,165198,1058,165198,165230,"not looking",8,162030,166584,574,4554
"1058",3498,165231,1059,165231,165263,"not looking",8,162030,166584,574,4554
"1059",3499,165264,1060,165264,165296,"not looking",8,162030,166584,574,4554
"1060",3500,165297,1061,165297,165329,"left",8,162030,166584,574,4554
"1061",3501,165330,1062,165330,165362,"not looking",8,162030,166584,574,4554
"1062",3502,165363,1063,165363,165395,"not looking",8,162030,166584,574,4554
"1063",3503,165396,1064,165396,165428,"not looking",8,162030,166584,574,4554
"1064",3504,165429,1065,165429,165461,"not looking",8,162030,166584,574,4554
"1065",3505,165462,1066,165462,165494,"left",8,162030,166584,574,4554
"1066",3506,165495,1067,165495,165527,"left",8,162030,166584,574,4554
"1067",3507,165528,1068,165528,165560,"left",8,162030,166584,574,4554
"1068",3508,165561,1069,165561,165593,"left",8,162030,166584,574,4554
"1069",3509,165594,1070,165594,165626,"left",8,162030,166584,574,4554
"1070",3510,165627,1071,165627,165659,"left",8,162030,166584,574,4554
"1071",3511,165660,1072,165660,165692,"left",8,162030,166584,574,4554
"1072",3512,165693,1073,165693,165725,"left",8,162030,166584,574,4554
"1073",3513,165726,1074,165726,165758,"left",8,162030,166584,574,4554
"1074",3514,165759,1075,165759,165791,"left",8,162030,166584,574,4554
"1075",3515,165792,1076,165792,165824,"left",8,162030,166584,574,4554
"1076",3516,165825,1077,165825,165857,"left",8,162030,166584,574,4554
"1077",3517,165858,1078,165858,165890,"left",8,162030,166584,574,4554
"1078",3518,165891,1079,165891,165923,"left",8,162030,166584,574,4554
"1079",3519,165924,1080,165924,165956,"left",8,162030,166584,574,4554
"1080",3520,165957,1081,165957,165989,"left",8,162030,166584,574,4554
"1081",3521,165990,1082,165990,166022,"left",8,162030,166584,574,4554
"1082",3522,166023,1083,166023,166055,"left",8,162030,166584,574,4554
"1083",3523,166056,1084,166056,166088,"left",8,162030,166584,574,4554
"1084",3524,166089,1085,166089,166121,"left",8,162030,166584,574,4554
"1085",3525,166122,1086,166122,166154,"left",8,162030,166584,574,4554
"1086",3526,166155,1087,166155,166187,"left",8,162030,166584,574,4554
"1087",3527,166188,1088,166188,166220,"left",8,162030,166584,574,4554
"1088",3528,166221,1089,166221,166253,"left",8,162030,166584,574,4554
"1089",3529,166254,1090,166254,166286,"left",8,162030,166584,574,4554
"1090",3530,166287,1091,166287,166319,"left",8,162030,166584,574,4554
"1091",3531,166320,1092,166320,166352,"left",8,162030,166584,574,4554
"1092",3532,166353,1093,166353,166385,"left",8,162030,166584,574,4554
"1093",3533,166386,1094,166386,166418,"left",8,162030,166584,574,4554
"1094",3534,166419,1095,166419,166451,"left",8,162030,166584,574,4554
"1095",3535,166452,1096,166452,166484,"left",8,162030,166584,574,4554
"1096",3536,166485,1097,166485,166517,"left",8,162030,166584,574,4554
"1097",3537,166518,1098,166518,166550,"left",8,162030,166584,574,4554
"1098",3538,166551,1099,166551,166583,"left",8,162030,166584,574,4554
"1099",3539,166584,1100,166584,166616,"left",8,162030,166584,574,4554
