Gaze_position_during_number_pres.ordinal,Gaze_position_during_number_pres.onset,Gaze_position_during_number_pres.offset,Gaze_position_during_number_pres.l/m/r/i/n,
0,85866,85898,"l",
1,85899,85931,"l",
2,85932,85964,"l",
3,85965,85997,"l",
4,85998,86030,"l",
5,86031,86063,"l",
6,86064,86096,"l",
7,86097,86129,"l",
8,86130,86162,"l",
9,86163,86195,"l",
10,86196,86228,"l",
11,86229,86261,"l",
12,86262,86294,"l",
13,86295,86327,"l",
14,86328,86360,"l",
15,86361,86393,"l",
16,86394,86426,"l",
17,86427,86459,"l",
18,86460,86492,"l",
19,86493,86525,"l",
20,86526,86558,"l",
21,86559,86591,"l",
22,86592,86624,"l",
23,86625,86657,"l",
24,86658,86690,"l",
25,86691,86723,"l",
26,86724,86756,"l",
27,86757,86789,"l",
28,86790,86822,"l",
29,86823,86855,"l",
30,86856,86888,"l",
31,86889,86921,"l",
32,86922,86954,"l",
33,86955,86987,"l",
34,86988,87020,"l",
35,87021,87053,"l",
36,87054,87086,"l",
37,87087,87119,"l",
38,87120,87152,"l",
39,87153,87185,"l",
40,87186,87218,"l",
41,87219,87251,"l",
42,87252,87284,"l",
43,87285,87317,"l",
44,87318,87350,"n",
45,87351,87383,"n",
46,87384,87416,"n",
47,87417,87449,"n",
48,87450,87482,"n",
49,87483,87515,"n",
50,87516,87548,"l",
51,87549,87581,"l",
52,87582,87614,"l",
53,87615,87647,"l",
54,87648,87680,"l",
55,87681,87713,"l",
56,87714,87746,"l",
57,87747,87779,"l",
58,87780,87812,"l",
59,87813,87845,"l",
60,87846,87878,"l",
61,87879,87911,"l",
62,87912,87944,"l",
63,87945,87977,"l",
64,87978,88010,"l",
65,88011,88043,"l",
66,88044,88076,"l",
67,88077,88109,"l",
68,88110,88142,"l",
69,88143,88175,"l",
70,88176,88208,"l",
71,88209,88241,"l",
72,88242,88274,"l",
73,88275,88307,"l",
74,88308,88340,"l",
75,88341,88373,"l",
76,88374,88406,"l",
77,88407,88439,"l",
78,88440,88472,"l",
79,88473,88505,"l",
80,88506,88538,"l",
81,88539,88571,"l",
82,88572,88604,"l",
83,88605,88637,"l",
84,88638,88670,"l",
85,88671,88703,"l",
86,88704,88736,"l",
87,88737,88769,"l",
88,88770,88802,"l",
89,88803,88835,"l",
90,88836,88868,"l",
91,88869,88901,"l",
92,88902,88934,"l",
93,88935,88967,"l",
94,88968,89000,"l",
95,89001,89033,"l",
96,89034,89066,"l",
97,89067,89099,"l",
98,89100,89132,"l",
99,89133,89165,"l",
100,89166,89198,"l",
101,89199,89231,"l",
102,89232,89264,"l",
103,89265,89297,"l",
104,89298,89330,"l",
105,89331,89363,"l",
106,89364,89396,"l",
107,89397,89429,"l",
108,89430,89462,"l",
109,89463,89495,"l",
110,89496,89528,"l",
111,89529,89561,"l",
112,89562,89594,"l",
113,89595,89627,"l",
114,89628,89660,"l",
115,89661,89693,"l",
116,89694,89726,"l",
117,89727,89759,"l",
118,89760,89792,"l",
119,89793,89825,"l",
120,89826,89858,"r",
121,89859,89891,"r",
122,89892,89924,"r",
123,89925,89957,"r",
124,89958,89990,"r",
125,89991,90023,"r",
126,90024,90056,"r",
127,90057,90089,"r",
128,90090,90122,"r",
129,90123,90155,"r",
130,90156,90188,"r",
131,90189,105566,"r",
132,105567,105599,"r",
133,105600,105632,"l",
134,105633,105665,"l",
135,105666,105698,"l",
136,105699,105731,"l",
137,105732,105764,"l",
138,105765,105797,"l",
139,105798,105830,"l",
140,105831,105863,"l",
141,105864,105896,"l",
142,105897,105929,"l",
143,105930,105962,"l",
144,105963,105995,"l",
145,105996,106028,"l",
146,106029,106061,"l",
147,106062,106094,"l",
148,106095,106127,"l",
149,106128,106160,"l",
150,106161,106193,"l",
151,106194,106226,"l",
152,106227,106259,"l",
153,106260,106292,"l",
154,106293,106325,"l",
155,106326,106358,"l",
156,106359,106391,"l",
157,106392,106424,"l",
158,106425,106457,"l",
159,106458,106490,"l",
160,106491,106523,"l",
161,106524,106556,"l",
162,106557,106589,"l",
163,106590,106622,"l",
164,106623,106655,"l",
165,106656,106688,"l",
166,106689,106721,"l",
167,106722,106754,"l",
168,106755,106787,"l",
169,106788,106820,"l",
170,106821,106853,"l",
171,106854,106886,"l",
172,106887,106919,"l",
173,106920,106952,"l",
174,106953,106985,"l",
175,106986,107018,"l",
176,107019,107051,"l",
177,107052,107084,"l",
178,107085,107117,"l",
179,107118,107150,"l",
180,107151,107183,"l",
181,107184,107216,"l",
182,107217,107249,"l",
183,107250,107282,"l",
184,107283,107315,"l",
185,107316,107348,"l",
186,107349,107381,"l",
187,107382,107414,"l",
188,107415,107447,"l",
189,107448,107480,"l",
190,107481,107513,"l",
191,107514,107546,"l",
192,107547,107579,"l",
193,107580,107612,"l",
194,107613,107645,"l",
195,107646,107678,"l",
196,107679,107711,"l",
197,107712,107744,"l",
198,107745,107777,"l",
199,107778,107810,"l",
200,107811,107843,"l",
201,107844,107876,"l",
202,107877,107909,"l",
203,107910,107942,"l",
204,107943,107975,"l",
205,107976,108008,"l",
206,108009,108041,"l",
207,108042,108074,"l",
208,108075,108107,"l",
209,108108,108140,"l",
210,108141,108173,"l",
211,108174,108206,"l",
212,108207,108239,"l",
213,108240,108272,"l",
214,108273,108305,"l",
215,108306,108338,"l",
216,108339,108371,"l",
217,108372,108404,"l",
218,108405,108437,"l",
219,108438,108470,"l",
220,108471,108503,"l",
221,108504,108536,"l",
222,108537,108569,"l",
223,108570,108602,"l",
224,108603,108635,"l",
225,108636,108668,"l",
226,108669,121835,"l",
227,121836,121868,"l",
228,121869,121901,"m",
229,121902,121934,"m",
230,121935,121967,"m",
231,121968,122000,"m",
232,122001,122033,"m",
233,122034,122066,"i",
234,122067,122099,"i",
235,122100,122132,"i",
236,122133,122165,"i",
237,122166,122198,"l",
238,122199,122231,"l",
239,122232,122264,"l",
240,122265,122297,"l",
241,122298,122330,"l",
242,122331,122363,"l",
243,122364,122396,"l",
244,122397,122429,"l",
245,122430,122462,"l",
246,122463,122495,"l",
247,122496,122528,"l",
248,122529,122561,"l",
249,122562,122594,"l",
250,122595,122627,"l",
251,122628,122660,"l",
252,122661,122693,"l",
253,122694,122726,"l",
254,122727,122759,"l",
255,122760,122792,"l",
256,122793,122825,"l",
257,122826,122858,"l",
258,122859,122891,"l",
259,122892,122924,"n",
260,122925,122957,"n",
261,122958,122990,"n",
262,122991,123023,"n",
263,123024,123056,"n",
264,123057,123089,"n",
265,123090,123122,"n",
266,123123,123155,"n",
267,123156,123188,"n",
268,123189,123221,"n",
269,123222,123254,"n",
270,123255,123287,"n",
271,123288,123320,"n",
272,123321,123353,"n",
273,123354,123386,"n",
274,123387,123419,"n",
275,123420,123452,"n",
276,123453,123485,"n",
277,123486,123518,"n",
278,123519,123551,"n",
279,123552,123584,"n",
280,123585,123617,"n",
281,123618,123650,"n",
282,123651,123683,"n",
283,123684,123716,"n",
284,123717,123749,"n",
285,123750,123782,"n",
286,123783,123815,"n",
287,123816,123848,"n",
288,123849,123881,"n",
289,123882,123914,"n",
290,123915,123947,"l",
291,123948,123980,"l",
292,123981,124013,"l",
293,124014,124046,"l",
294,124047,124079,"l",
295,124080,124112,"l",
296,124113,124145,"l",
297,124146,124178,"l",
298,124179,124211,"l",
299,124212,124244,"l",
300,124245,124277,"l",
301,124278,124310,"l",
302,124311,124343,"l",
303,124344,124376,"l",
304,124377,124409,"l",
305,124410,124442,"l",
306,124443,124475,"l",
307,124476,124508,"l",
308,124509,124541,"l",
309,124542,124574,"l",
310,124575,124607,"l",
311,124608,124640,"l",
312,124641,124673,"l",
313,124674,124706,"l",
314,124707,124739,"l",
315,124740,124772,"l",
316,124773,124805,"l",
317,124806,124838,"l",
318,124839,124871,"l",
319,124872,124904,"l",
320,124905,124937,"l",
321,124938,124970,"l",
322,124971,125003,"l",
323,125004,125036,"l",
324,125037,125069,"l",
325,125070,125102,"l",
326,125103,125135,"l",
327,125136,125168,"l",
328,125169,125201,"l",
329,125202,125234,"l",
330,125235,125267,"l",
331,125268,125300,"l",
332,125301,125333,"l",
333,125334,125366,"l",
334,125367,125399,"l",
335,125400,125432,"l",
336,125433,125465,"l",
337,125466,125498,"l",
338,125499,125531,"l",
339,125532,125564,"l",
340,125565,125597,"l",
341,125598,125630,"i",
342,125631,125663,"i",
343,125664,125696,"i",
344,125697,125729,"m",
345,125730,125762,"m",
346,125763,125795,"l",
347,125796,125828,"l",
348,125829,125861,"l",
349,125862,125894,"l",
350,125895,125927,"l",
351,125928,125960,"l",
352,125961,125993,"l",
353,125994,126026,"l",
354,126027,126059,"l",
355,126060,126092,"l",
356,126093,126125,"l",
357,126126,126158,"l",
358,140976,141008,"l",
359,141009,141041,"l",
360,141042,141074,"l",
361,141075,141107,"l",
362,141108,141140,"l",
363,141141,141173,"l",
364,141174,141206,"l",
365,141207,141239,"l",
366,141240,141272,"l",
367,141273,141305,"l",
368,141306,141338,"l",
369,141339,141371,"l",
370,141372,141404,"l",
371,141405,141437,"l",
372,141438,141470,"l",
373,141471,141503,"l",
374,141504,141536,"l",
375,141537,141569,"l",
376,141570,141602,"l",
377,141603,141635,"l",
378,141636,141668,"l",
379,141669,141701,"l",
380,141702,141734,"l",
381,141735,141767,"l",
382,141768,141800,"l",
383,141801,141833,"l",
384,141834,141866,"l",
385,141867,141899,"l",
386,141900,141932,"l",
387,141933,141965,"l",
388,141966,141998,"l",
389,141999,142031,"l",
390,142032,142064,"l",
391,142065,142097,"n",
392,142098,142130,"n",
393,142131,142163,"n",
394,142164,142196,"n",
395,142197,142229,"n",
396,142230,142262,"n",
397,142263,142295,"l",
398,142296,142328,"l",
399,142329,142361,"l",
400,142362,142394,"l",
401,142395,142427,"l",
402,142428,142460,"l",
403,142461,142493,"l",
404,142494,142526,"l",
405,142527,142559,"l",
406,142560,142592,"l",
407,142593,142625,"l",
408,142626,142658,"l",
409,142659,142691,"l",
410,142692,142724,"l",
411,142725,142757,"l",
412,142758,142790,"l",
413,142791,142823,"l",
414,142824,142856,"l",
415,142857,142889,"l",
416,142890,142922,"l",
417,142923,142955,"l",
418,142956,142988,"l",
419,142989,143021,"l",
420,143022,143054,"i",
421,143055,143087,"i",
422,143088,143120,"i",
423,143121,143153,"i",
424,143154,143186,"i",
425,143187,143219,"i",
426,143220,143252,"l",
427,143253,143285,"l",
428,143286,143318,"l",
429,143319,143351,"l",
430,143352,143384,"l",
431,143385,143417,"l",
432,143418,143450,"l",
433,143451,143483,"l",
434,143484,143516,"l",
435,143517,143549,"l",
436,143550,143582,"l",
437,143583,143615,"l",
438,143616,143648,"l",
439,143649,143681,"l",
440,143682,143714,"l",
441,143715,143747,"l",
442,143748,143780,"l",
443,143781,143813,"l",
444,143814,143846,"l",
445,143847,143879,"l",
446,143880,143912,"l",
447,143913,143945,"l",
448,143946,143978,"l",
449,143979,144011,"l",
450,144012,144044,"l",
451,144045,144077,"l",
452,144078,144110,"l",
453,144111,144143,"l",
454,144144,144176,"l",
455,144177,144209,"l",
456,144210,144242,"l",
457,144243,144275,"l",
458,144276,144308,"l",
459,144309,144341,"l",
460,144342,144374,"l",
461,144375,144407,"l",
462,144408,144440,"l",
463,144441,144473,"l",
464,144474,144506,"l",
465,144507,144539,"l",
466,144540,144572,"l",
467,144573,144605,"l",
468,144606,144638,"l",
469,144639,144671,"l",
470,144672,144704,"l",
471,144705,144737,"l",
472,144738,144770,"l",
473,144771,144803,"l",
474,144804,144836,"l",
475,144837,144869,"l",
476,144870,144902,"l",
477,144903,144935,"l",
478,144936,144968,"l",
479,144969,145001,"l",
480,145002,145034,"l",
481,145035,145067,"l",
482,145068,145100,"l",
483,145101,145133,"l",
484,145134,145166,"l",
485,145167,145199,"l",
486,145200,145232,"l",
487,145233,145265,"l",
488,145266,145298,"l",
489,145299,145331,"l",
490,145332,158300,"l",
491,158301,158333,"l",
492,158334,158366,"l",
493,158367,158399,"l",
494,158400,158432,"l",
495,158433,158465,"l",
496,158466,158498,"l",
497,158499,158531,"l",
498,158532,158564,"l",
499,158565,158597,"l",
500,158598,158630,"l",
501,158631,158663,"l",
502,158664,158696,"m",
503,158697,158729,"m",
504,158730,158762,"m",
505,158763,158795,"m",
506,158796,158828,"m",
507,158829,158861,"m",
508,158862,158894,"m",
509,158895,158894,"m",
510,158895,158927,"m",
511,158928,158960,"l",
512,158961,158993,"l",
513,158994,159026,"l",
514,159027,159059,"l",
515,159060,159092,"l",
516,159093,159125,"l",
517,159126,159158,"l",
518,159159,159191,"l",
519,159192,159224,"l",
520,159225,159257,"l",
521,159258,159290,"l",
522,159291,159323,"l",
523,159324,159356,"l",
524,159357,159389,"l",
525,159390,159422,"l",
526,159423,159455,"l",
527,159456,159488,"l",
528,159489,159521,"l",
529,159522,159554,"l",
530,159555,159587,"l",
531,159588,159620,"l",
532,159621,159653,"l",
533,159654,159686,"l",
534,159687,159719,"l",
535,159720,159752,"l",
536,159753,159785,"m",
537,159786,159851,"m",
538,159852,159884,"m",
539,159885,159917,"m",
540,159918,159950,"m",
541,159951,159983,"m",
542,159984,160016,"m",
543,160017,160049,"m",
544,160050,160082,"m",
545,160083,160115,"m",
546,160116,160148,"i",
547,160149,160181,"l",
548,160182,160214,"l",
549,160215,160247,"l",
550,160248,160280,"l",
551,160281,160313,"l",
552,160314,160346,"l",
553,160347,160379,"l",
554,160380,160412,"l",
555,160413,160445,"l",
556,160446,160478,"l",
557,160479,160511,"l",
558,160512,160544,"l",
559,160545,160577,"l",
560,160578,160610,"l",
561,160611,160643,"l",
562,160644,160676,"l",
563,160677,160709,"l",
564,160710,160742,"l",
565,160743,160775,"l",
566,160776,160808,"l",
567,160809,160841,"i",
568,160842,160874,"m",
569,160875,160907,"m",
570,160908,160940,"m",
571,160941,160973,"m",
572,160974,161006,"m",
573,161007,161039,"m",
574,161040,161072,"m",
575,161073,161105,"l",
576,161106,161138,"l",
577,161139,161171,"l",
578,161172,161204,"l",
579,161205,161237,"l",
580,161238,161270,"l",
581,161271,161303,"l",
582,161304,161336,"l",
583,161337,161369,"l",
584,161370,161402,"l",
585,161403,161435,"l",
586,161436,161468,"l",
587,161469,161501,"l",
588,161502,161534,"l",
589,161535,161567,"l",
590,161568,161600,"l",
591,161601,161633,"l",
592,161634,161666,"l",
593,161667,161699,"l",
594,161700,161732,"l",
595,161733,161765,"l",
596,161766,161798,"l",
597,161799,161831,"l",
598,161832,161864,"l",
599,161865,161897,"l",
600,161898,161930,"m",
601,161931,161963,"m",
602,161964,161996,"m",
603,161997,162029,"m",
604,162030,162062,"m",
605,162063,162095,"m",
606,162096,162128,"m",
607,162129,162161,"m",
608,162162,162194,"l",
609,162195,162227,"l",
610,162228,162260,"l",
611,162261,162293,"l",
612,162294,162326,"l",
613,162327,162359,"l",
614,162360,162392,"l",
615,162393,162425,"l",
616,162426,162458,"l",
617,162459,162491,"l",
618,162492,162524,"l",
619,162525,162557,"l",
620,162558,162590,"l",
621,162591,162623,"l",
622,162624,173744,"l",
623,173745,173777,"l",
624,173778,173810,"l",
625,173811,173843,"l",
626,173844,173876,"l",
627,173877,173909,"l",
628,173910,173942,"l",
629,173943,173975,"l",
630,173976,174008,"l",
631,174009,174041,"l",
632,174042,174074,"l",
633,174075,174107,"l",
634,174108,174140,"l",
635,174141,174173,"l",
636,174174,174206,"l",
637,174207,174239,"l",
638,174240,174272,"l",
639,174273,174305,"l",
640,174306,174338,"l",
641,174339,174371,"l",
642,174372,174404,"l",
643,174405,174437,"l",
644,174438,174470,"l",
645,174471,174503,"l",
646,174504,174536,"l",
647,174537,174569,"l",
648,174570,174602,"l",
649,174603,174635,"l",
650,174636,174668,"l",
651,174669,174701,"l",
652,174702,174734,"l",
653,174735,174767,"l",
654,174768,174800,"l",
655,174801,174833,"l",
656,174834,174866,"l",
657,174867,174899,"l",
658,174900,174932,"l",
659,174933,174965,"l",
660,174966,174998,"l",
661,174999,175031,"l",
662,175032,175064,"l",
663,175065,175097,"l",
664,175098,175130,"l",
665,175131,175163,"l",
666,175164,175196,"l",
667,175197,175229,"l",
668,175230,175262,"l",
669,175263,175295,"l",
670,175296,175328,"l",
671,175329,175361,"m",
672,175362,175394,"m",
673,175395,175427,"m",
674,175428,175460,"m",
675,175461,175493,"m",
676,175494,175526,"m",
677,175527,175559,"m",
678,175560,175592,"m",
679,175593,175625,"m",
680,175626,175658,"m",
681,175659,175691,"m",
682,175692,175724,"l",
683,175725,175757,"l",
684,175758,175790,"l",
685,175791,175823,"l",
686,175824,175856,"l",
687,175857,175889,"l",
688,175890,175922,"l",
689,175923,175955,"l",
690,175956,175988,"l",
691,175989,176021,"l",
692,176022,176054,"l",
693,176055,176087,"l",
694,176088,176120,"l",
695,176121,176153,"l",
696,176154,176186,"l",
697,176187,176219,"l",
698,176220,176252,"l",
699,176253,176285,"l",
700,176286,176318,"l",
701,176319,176351,"l",
702,176352,176384,"l",
703,176385,176417,"l",
704,176418,176450,"l",
705,176451,176483,"l",
706,176484,176516,"l",
707,176517,176549,"l",
708,176550,176582,"l",
709,176583,176615,"l",
710,176616,176648,"l",
711,176649,176681,"l",
712,176682,176714,"l",
713,176715,176747,"l",
714,176748,176780,"l",
715,176781,176813,"l",
716,176814,176846,"l",
717,176847,176879,"l",
718,176880,176912,"l",
719,176913,176945,"l",
720,176946,176978,"l",
721,176979,177011,"l",
722,177012,177044,"l",
723,177045,177077,"l",
724,177078,177110,"l",
725,177111,177143,"l",
726,177144,177176,"l",
727,177177,177209,"l",
728,177210,177242,"l",
729,177243,177275,"l",
730,177276,177308,"l",
731,177309,177341,"l",
732,177342,177374,"l",
733,177375,177407,"i",
734,177408,177440,"i",
735,177441,177473,"i",
736,177474,177506,"i",
737,177507,177539,"i",
738,177540,177572,"m",
739,177573,177605,"m",
740,177606,177638,"m",
741,177639,177671,"m",
742,177672,177704,"m",
743,177705,177737,"m",
744,177738,177770,"m",
745,177771,177803,"m",
746,177804,177836,"m",
747,177837,177869,"m",
748,177870,177902,"m",
749,177903,177935,"m",
750,177936,177968,"m",
751,177969,178001,"m",
752,178002,178034,"m",
753,178035,178067,"m",
754,195987,196019,"l",
755,196020,196052,"l",
756,196053,196085,"l",
757,196086,196118,"l",
758,196119,196151,"l",
759,196152,196184,"l",
760,196185,196217,"l",
761,196218,196250,"l",
762,196251,196283,"l",
763,196284,196316,"l",
764,196317,196349,"l",
765,196350,196382,"l",
766,196383,196415,"l",
767,196416,196448,"l",
768,196449,196481,"l",
769,196482,196514,"l",
770,196515,196547,"l",
771,196548,196580,"l",
772,196581,196613,"n",
773,196614,196646,"n",
774,196647,196679,"n",
775,196680,196712,"n",
776,196713,196745,"n",
777,196746,196778,"n",
778,196779,196811,"n",
779,196812,196844,"n",
780,196845,196877,"n",
781,196878,196910,"n",
782,196911,196943,"n",
783,196944,196976,"n",
784,196977,197009,"n",
785,197010,197042,"n",
786,197043,197075,"n",
787,197076,197108,"n",
788,197109,197141,"n",
789,197142,197174,"n",
790,197175,197207,"n",
791,197208,197240,"n",
792,197241,197273,"n",
793,197274,197306,"n",
794,197307,197339,"n",
795,197340,197372,"n",
796,197373,197405,"n",
797,197406,197438,"n",
798,197439,197471,"n",
799,197472,197504,"n",
800,197505,197537,"n",
801,197538,197570,"n",
802,197571,197603,"n",
803,197604,197636,"n",
804,197637,197669,"l",
805,197670,197702,"l",
806,197703,197735,"l",
807,197736,197768,"l",
808,197769,197801,"l",
809,197802,197834,"l",
810,197835,197867,"l",
811,197868,197900,"l",
812,197901,197933,"l",
813,197934,197966,"i",
814,197967,197999,"m",
815,198000,198032,"m",
816,198033,198065,"m",
817,198066,198098,"i",
818,198099,198131,"i",
819,198132,198164,"m",
820,198165,198197,"m",
821,198198,198230,"l",
822,198231,198263,"l",
823,198264,198296,"l",
824,198297,198329,"l",
825,198330,198362,"l",
826,198363,198395,"l",
827,198396,198428,"l",
828,198429,198461,"l",
829,198462,198494,"l",
830,198495,198527,"l",
831,198528,198560,"l",
832,198561,198593,"l",
833,198594,198626,"l",
834,198627,198659,"l",
835,198660,198692,"l",
836,198693,198725,"l",
837,198726,198758,"l",
838,198759,198791,"l",
839,198792,198824,"l",
840,198825,198857,"l",
841,198858,198890,"l",
842,198891,198923,"l",
843,198924,198956,"l",
844,198957,198989,"l",
845,198990,199022,"l",
846,199023,199055,"l",
847,199056,199088,"l",
848,199089,199121,"l",
849,199122,199154,"l",
850,199155,199187,"l",
851,199188,199220,"i",
852,199221,199253,"i",
853,199254,199286,"m",
854,199287,199319,"m",
855,199320,199352,"m",
856,199353,199385,"m",
857,199386,199418,"m",
858,199419,199451,"m",
859,199452,199484,"m",
860,199485,199517,"m",
861,199518,199550,"m",
862,199551,199583,"m",
863,199584,199616,"m",
864,199617,199649,"m",
865,199650,199682,"m",
866,199683,199715,"m",
867,199716,199748,"m",
868,199749,199781,"m",
869,199782,199814,"m",
870,199815,199847,"m",
871,199848,199880,"m",
872,199881,199913,"m",
873,199914,199946,"m",
874,199947,199979,"m",
875,199980,200012,"m",
876,200013,200045,"m",
877,200046,200078,"m",
878,200079,200111,"m",
879,200112,200144,"m",
880,200145,200177,"m",
881,200178,200210,"l",
882,200211,214433,"l",
883,214434,214466,"l",
884,214467,214499,"l",
885,214500,214532,"l",
886,214533,214565,"l",
887,214566,214598,"l",
888,214599,214631,"l",
889,214632,214664,"l",
890,214665,214697,"l",
891,214698,214730,"l",
892,214731,214763,"l",
893,214764,214796,"l",
894,214797,214829,"l",
895,214830,214862,"l",
896,214863,214895,"l",
897,214896,214928,"l",
898,214929,214961,"l",
899,214962,214994,"l",
900,214995,215027,"l",
901,215028,215060,"l",
902,215061,215093,"l",
903,215094,215126,"l",
904,215127,215159,"l",
905,215160,215192,"l",
906,215193,215225,"l",
907,215226,215258,"l",
908,215259,215291,"l",
909,215292,215324,"m",
910,215325,215357,"m",
911,215358,215390,"m",
912,215391,215423,"m",
913,215424,215456,"m",
914,215457,215489,"m",
915,215490,215522,"n",
916,215523,215555,"n",
917,215556,215588,"n",
918,215589,215621,"n",
919,215622,215654,"n",
920,215655,215687,"n",
921,215688,215720,"n",
922,215721,215753,"n",
923,215754,215786,"n",
924,215787,215819,"n",
925,215820,215852,"n",
926,215853,215885,"n",
927,215886,215918,"m",
928,215919,215951,"l",
929,215952,215984,"l",
930,215985,216017,"l",
931,216018,216050,"l",
932,216051,216083,"l",
933,216084,216116,"l",
934,216117,216149,"l",
935,216150,216182,"l",
936,216183,216215,"l",
937,216216,216248,"l",
938,216249,216281,"l",
939,216282,216314,"l",
940,216315,216347,"l",
941,216348,216380,"l",
942,216381,216413,"l",
943,216414,216446,"l",
944,216447,216479,"n",
945,216480,216512,"n",
946,216513,216545,"n",
947,216546,216578,"n",
948,216579,216611,"n",
949,216612,216644,"n",
950,216645,216677,"n",
951,216678,216710,"n",
952,216711,216743,"n",
953,216744,216776,"n",
954,216777,216809,"n",
955,216810,216842,"n",
956,216843,216875,"n",
957,216876,216908,"n",
958,216909,216941,"n",
959,216942,216974,"n",
960,216975,217007,"n",
961,217008,217040,"n",
962,217041,217073,"l",
963,217074,217106,"l",
964,217107,217139,"l",
965,217140,217172,"l",
966,217173,217205,"l",
967,217206,217238,"l",
968,217239,217271,"l",
969,217272,217304,"l",
970,217305,217337,"n",
971,217338,217370,"n",
972,217371,217403,"n",
973,217404,217436,"n",
974,217437,217469,"n",
975,217470,217502,"n",
976,217503,217535,"n",
977,217536,217568,"n",
978,217569,217601,"n",
979,217602,217634,"n",
980,217635,217667,"n",
981,217668,217700,"n",
982,217701,217733,"n",
983,217734,217766,"n",
984,217767,217799,"n",
985,217800,217832,"n",
986,217833,217865,"l",
987,217866,217898,"l",
988,217899,217931,"l",
989,217932,217964,"l",
990,217965,217997,"l",
991,217998,218030,"l",
992,218031,218063,"l",
993,218064,218096,"l",
994,218097,218129,"l",
995,218130,218162,"l",
996,218163,218195,"l",
997,218196,218228,"l",
998,218229,218261,"l",
999,218262,218294,"l",
1000,218295,218327,"l",
1001,218328,218360,"l",
1002,218361,218393,"l",
1003,218394,218426,"l",
1004,218427,218459,"l",
1005,218460,218492,"l",
1006,218493,218525,"l",
1007,218526,218558,"l",
1008,218559,218591,"l",
1009,218592,218624,"l",
1010,218625,218657,"l",
1011,218658,218690,"l",
1012,218691,218723,"l",
1013,218724,218756,"l",
1014,231660,231692,"i",
1015,231693,231725,"i",
1016,231726,231758,"i",
1017,231759,231791,"i",
1018,231792,231824,"i",
1019,231825,231857,"i",
1020,231858,231890,"i",
1021,231891,231923,"i",
1022,231924,231956,"i",
1023,231957,231989,"i",
1024,231990,232022,"i",
1025,232023,232055,"i",
1026,232056,232088,"i",
1027,232089,232121,"l",
1028,232122,232154,"l",
1029,232155,232187,"l",
1030,232188,232220,"l",
1031,232221,232253,"l",
1032,232254,232286,"l",
1033,232287,232319,"l",
1034,232320,232352,"l",
1035,232353,232385,"l",
1036,232386,232418,"l",
1037,232419,232451,"l",
1038,232452,232484,"l",
1039,232485,232517,"m",
1040,232518,232550,"m",
1041,232551,232583,"m",
1042,232584,232616,"m",
1043,232617,232649,"m",
1044,232650,232682,"m",
1045,232683,232715,"m",
1046,232716,232748,"m",
1047,232749,232781,"m",
1048,232782,232814,"m",
1049,232815,232847,"m",
1050,232848,232880,"m",
1051,232881,232913,"m",
1052,232914,232946,"m",
1053,232947,232979,"m",
1054,232980,233012,"m",
1055,233013,233045,"m",
1056,233046,233078,"m",
1057,233079,233111,"m",
1058,233112,233144,"l",
1059,233145,233177,"l",
1060,233178,233210,"l",
1061,233211,233243,"l",
1062,233244,233276,"l",
1063,233277,233309,"l",
1064,233310,233342,"l",
1065,233343,233375,"l",
1066,233376,233408,"l",
1067,233409,233441,"l",
1068,233442,233474,"l",
1069,233475,233507,"l",
1070,233508,233540,"l",
1071,233541,233573,"l",
1072,233574,233606,"l",
1073,233607,233639,"l",
1074,233640,233672,"l",
1075,233673,233705,"l",
1076,233706,233738,"l",
1077,233739,233771,"l",
1078,233772,233804,"l",
1079,233805,233837,"l",
1080,233838,233870,"l",
1081,233871,233903,"l",
1082,233904,233936,"l",
1083,233937,233969,"l",
1084,233970,234002,"l",
1085,234003,234035,"l",
1086,234036,234068,"l",
1087,234069,234101,"l",
1088,234102,234134,"l",
1089,234135,234167,"l",
1090,234168,234200,"l",
1091,234201,234233,"l",
1092,234234,234266,"l",
1093,234267,234299,"l",
1094,234300,234332,"l",
1095,234333,234365,"i",
1096,234366,234398,"n",
1097,234399,234431,"n",
1098,234432,234464,"n",
1099,234465,234497,"n",
1100,234498,234530,"n",
1101,234531,234563,"n",
1102,234564,234596,"n",
1103,234597,234629,"n",
1104,234630,234662,"n",
1105,234663,234695,"n",
1106,234696,234728,"n",
1107,234729,234761,"n",
1108,234762,234794,"n",
1109,234795,234827,"n",
1110,234828,234860,"n",
1111,234861,234893,"n",
1112,234894,234926,"n",
1113,234927,234959,"n",
1114,234960,234992,"n",
1115,234993,235025,"n",
1116,235026,235058,"n",
1117,235059,235091,"n",
1118,235092,235124,"n",
1119,235125,235157,"n",
1120,235158,235190,"n",
1121,235191,235223,"n",
1122,235224,235256,"n",
1123,235257,235289,"n",
1124,235290,235322,"n",
1125,235323,235355,"n",
1126,235356,235388,"n",
1127,235389,235421,"n",
1128,235422,235454,"n",
1129,235455,235487,"n",
1130,235488,235520,"n",
1131,235521,235553,"n",
1132,235554,235586,"n",
1133,235587,235619,"n",
1134,235620,235652,"n",
1135,235653,235685,"n",
1136,235686,235718,"n",
1137,235719,235751,"n",
1138,235752,235784,"n",
1139,235785,235817,"n",
1140,235818,235850,"n",
1141,235851,235883,"n",
1142,235884,235916,"l",
1143,235917,235949,"l",
1144,235950,245882,"l",
1145,245883,245915,"l",
1146,245916,245948,"l",
1147,245949,245981,"m",
1148,245982,246014,"l",
1149,246015,246047,"l",
1150,246048,246080,"l",
1151,246081,246113,"l",
1152,246114,246146,"l",
1153,246147,246179,"i",
1154,246180,246212,"m",
1155,246213,246245,"m",
1156,246246,246278,"m",
1157,246279,246311,"m",
1158,246312,246344,"m",
1159,246345,246377,"m",
1160,246378,246410,"m",
1161,246411,246443,"m",
1162,246444,246476,"m",
1163,246477,246509,"m",
1164,246510,246542,"m",
1165,246543,246575,"m",
1166,246576,246608,"m",
1167,246609,246641,"n",
1168,246642,246674,"n",
1169,246675,246707,"n",
1170,246708,246740,"n",
1171,246741,246773,"n",
1172,246774,246806,"n",
1173,246807,246839,"n",
1174,246840,246872,"n",
1175,246873,246905,"n",
1176,246906,246938,"n",
1177,246939,246971,"n",
1178,246972,247004,"n",
1179,247005,247037,"n",
1180,247038,247070,"n",
1181,247071,247103,"n",
1182,247104,247136,"n",
1183,247137,247169,"n",
1184,247170,247202,"n",
1185,247203,247235,"n",
1186,247236,247268,"n",
1187,247269,247301,"n",
1188,247302,247334,"n",
1189,247335,247367,"n",
1190,247368,247400,"n",
1191,247401,247433,"n",
1192,247434,247466,"n",
1193,247467,247499,"n",
1194,247500,247532,"n",
1195,247533,247565,"n",
1196,247566,247598,"n",
1197,247599,247631,"n",
1198,247632,247664,"n",
1199,247665,247697,"n",
1200,247698,247730,"n",
1201,247731,247763,"n",
1202,247764,247796,"n",
1203,247797,247829,"n",
1204,247830,247862,"n",
1205,247863,247895,"n",
1206,247896,247928,"n",
1207,247929,247961,"n",
1208,247962,247994,"n",
1209,247995,248027,"m",
1210,248028,248060,"m",
1211,248061,248093,"m",
1212,248094,248126,"m",
1213,248127,248159,"m",
1214,248160,248192,"m",
1215,248193,248225,"m",
1216,248226,248258,"m",
1217,248259,248291,"m",
1218,248292,248324,"m",
1219,248325,248357,"m",
1220,248358,248390,"m",
1221,248391,248423,"m",
1222,248424,248456,"i",
1223,248457,248489,"l",
1224,248490,248522,"l",
1225,248523,248555,"l",
1226,248556,248588,"l",
1227,248589,248621,"l",
1228,248622,248654,"l",
1229,248655,248687,"l",
1230,248688,248720,"l",
1231,248721,248753,"l",
1232,248754,248786,"l",
1233,248787,248819,"l",
1234,248820,248852,"l",
1235,248853,248885,"l",
1236,248886,248918,"l",
1237,248919,248951,"l",
1238,248952,248951,"l",
1239,248952,249017,"l",
1240,249018,249050,"l",
1241,249051,249083,"l",
1242,249084,249116,"l",
1243,249117,249149,"l",
1244,249150,249182,"l",
1245,249183,249215,"l",
1246,249216,249215,"m",
1247,249216,249248,"m",
1248,249249,249281,"m",
1249,249282,249314,"m",
1250,249315,249347,"m",
1251,249348,249380,"m",
1252,249381,249413,"m",
1253,249414,249446,"m",
1254,249447,249479,"m",
1255,249480,249512,"m",
1256,249513,249545,"m",
1257,249546,249578,"m",
1258,249579,249611,"m",
1259,249612,249644,"m",
1260,249645,249677,"m",
1261,249678,249710,"m",
1262,249711,249743,"m",
1263,249744,249776,"m",
1264,249777,249809,"m",
1265,249810,249842,"m",
1266,249843,249875,"m",
1267,249876,249908,"m",
1268,249909,249941,"m",
1269,249942,249974,"m",
1270,249975,250007,"m",
1271,250008,250040,"m",
1272,250041,250073,"i",
1273,250074,250106,"m",
1274,250107,250139,"m",
1275,250140,250172,"m",
1276,261624,261656,"l",
1277,261657,261689,"l",
1278,261690,261722,"l",
1279,261723,261755,"l",
1280,261756,261788,"l",
1281,261789,261821,"l",
1282,261822,261854,"l",
1283,261855,261887,"l",
1284,261888,261920,"l",
1285,261921,261953,"l",
1286,261954,261986,"l",
1287,261987,262019,"l",
1288,262020,262052,"l",
1289,262053,262085,"l",
1290,262086,262118,"l",
1291,262119,262151,"l",
1292,262152,262184,"l",
1293,262185,262217,"l",
1294,262218,262250,"l",
1295,262251,262283,"l",
1296,262284,262283,"l",
1297,262284,262316,"l",
1298,262317,262349,"r",
1299,262350,262382,"i",
1300,262383,262415,"i",
1301,262416,262448,"l",
1302,262449,262481,"l",
1303,262482,262514,"i",
1304,262515,262547,"l",
1305,262548,262580,"l",
1306,262581,262613,"l",
1307,262614,262646,"l",
1308,262647,262679,"l",
1309,262680,262712,"l",
1310,262713,262745,"l",
1311,262746,262778,"l",
1312,262779,262811,"l",
1313,262812,262844,"l",
1314,262845,262877,"l",
1315,262878,262910,"l",
1316,262911,262943,"l",
1317,262944,262976,"l",
1318,262977,263009,"l",
1319,263010,263042,"l",
1320,263043,263075,"l",
1321,263076,263108,"l",
1322,263109,263141,"l",
1323,263142,263174,"l",
1324,263175,263207,"l",
1325,263208,263240,"l",
1326,263241,263273,"l",
1327,263274,263306,"l",
1328,263307,263339,"l",
1329,263340,263372,"l",
1330,263373,263405,"l",
1331,263406,263438,"l",
1332,263439,263471,"l",
1333,263472,263504,"l",
1334,263505,263537,"l",
1335,263538,263570,"l",
1336,263571,263603,"l",
1337,263604,263603,"l",
1338,263604,263636,"l",
1339,263637,263669,"l",
1340,263670,263702,"l",
1341,263703,263735,"l",
1342,263736,263768,"l",
1343,263769,263801,"l",
1344,263802,263834,"l",
1345,263835,263867,"l",
1346,263868,263900,"l",
1347,263901,263933,"l",
1348,263934,263966,"l",
1349,263967,263999,"l",
1350,264000,264032,"l",
1351,264033,264065,"l",
1352,264066,264098,"l",
1353,264099,264131,"l",
1354,264132,264164,"l",
1355,264165,264197,"l",
1356,264198,264230,"l",
1357,264231,264263,"l",
1358,264264,264296,"l",
1359,264297,264329,"l",
1360,264330,264362,"l",
1361,264363,264395,"l",
1362,264396,264428,"l",
1363,264429,264461,"l",
1364,264462,264494,"l",
1365,264495,264527,"l",
1366,264528,264560,"l",
1367,264561,264593,"l",
1368,264594,264626,"l",
1369,264627,264659,"l",
1370,264660,264692,"l",
1371,264693,264725,"l",
1372,264726,264758,"l",
1373,264759,264791,"l",
1374,264792,264824,"l",
1375,264825,264857,"l",
1376,264858,264890,"l",
1377,264891,264923,"l",
1378,264924,264956,"l",
1379,264957,264989,"l",
1380,264990,265022,"l",
1381,265023,265055,"l",
1382,265056,265088,"l",
1383,265089,265121,"l",
1384,265122,265154,"l",
1385,265155,265187,"l",
1386,265188,265220,"l",
1387,265221,265253,"l",
1388,265254,265286,"l",
1389,265287,265319,"l",
1390,265320,265352,"l",
1391,265353,265385,"l",
1392,265386,265418,"l",
1393,265419,265451,"l",
1394,265452,265484,"l",
1395,265485,265517,"l",
1396,265518,265550,"l",
1397,265551,265583,"l",
1398,265584,265616,"l",
1399,265617,265649,"l",
1400,265650,265682,"l",
1401,265683,265715,"l",
1402,265716,265748,"l",
1403,265749,265781,"l",
1404,265782,285086,"l",
1405,285087,285119,"l",
1406,285120,285152,"l",
1407,285153,285185,"l",
1408,285186,285218,"l",
1409,285219,285251,"l",
1410,285252,285284,"l",
1411,285285,285317,"l",
1412,285318,285350,"l",
1413,285351,285383,"l",
1414,285384,285416,"l",
1415,285417,285449,"l",
1416,285450,285482,"l",
1417,285483,285515,"l",
1418,285516,285548,"l",
1419,285549,285581,"l",
1420,285582,285614,"l",
1421,285615,285647,"l",
1422,285648,285680,"l",
1423,285681,285713,"l",
1424,285714,285746,"l",
1425,285747,285779,"l",
1426,285780,285812,"l",
1427,285813,285845,"l",
1428,285846,285878,"l",
1429,285879,285911,"l",
1430,285912,285944,"l",
1431,285945,285977,"l",
1432,285978,286010,"l",
1433,286011,286043,"l",
1434,286044,286076,"l",
1435,286077,286109,"l",
1436,286110,286142,"l",
1437,286143,286175,"l",
1438,286176,286208,"l",
1439,286209,286241,"l",
1440,286242,286274,"l",
1441,286275,286307,"l",
1442,286308,286340,"l",
1443,286341,286373,"l",
1444,286374,286406,"l",
1445,286407,286439,"l",
1446,286440,286472,"l",
1447,286473,286505,"l",
1448,286506,286538,"l",
1449,286539,286571,"l",
1450,286572,286604,"l",
1451,286605,286637,"l",
1452,286638,286670,"l",
1453,286671,286703,"l",
1454,286704,286736,"l",
1455,286737,286769,"l",
1456,286770,286802,"l",
1457,286803,286835,"l",
1458,286836,286868,"l",
1459,286869,286901,"l",
1460,286902,286934,"l",
1461,286935,286967,"l",
1462,286968,287000,"l",
1463,287001,287033,"l",
1464,287034,287066,"l",
1465,287067,287099,"l",
1466,287100,287132,"l",
1467,287133,287165,"l",
1468,287166,287198,"l",
1469,287199,287231,"l",
1470,287232,287264,"l",
1471,287265,287297,"l",
1472,287298,287330,"l",
1473,287331,287363,"l",
1474,287364,287396,"l",
1475,287397,287429,"l",
1476,287430,287462,"l",
1477,287463,287495,"l",
1478,287496,287528,"l",
1479,287529,287561,"l",
1480,287562,287594,"l",
1481,287595,287627,"l",
1482,287628,287660,"l",
1483,287661,287693,"l",
1484,287694,287726,"l",
1485,287727,287759,"l",
1486,287760,287792,"l",
1487,287793,287825,"l",
1488,287826,287858,"l",
1489,287859,287891,"l",
1490,287892,287924,"l",
1491,287925,287957,"l",
1492,287958,287990,"l",
1493,287991,288023,"l",
1494,288024,288056,"i",
1495,288057,288089,"i",
1496,288090,288122,"i",
1497,288123,288155,"i",
1498,288156,288188,"i",
1499,288189,288221,"i",
1500,288222,288254,"i",
1501,288255,288287,"i",
1502,288288,288320,"l",
1503,288321,288353,"l",
1504,288354,288386,"l",
1505,288387,288419,"l",
1506,288420,288452,"l",
1507,288453,288485,"l",
1508,288486,288518,"l",
1509,288519,288551,"l",
1510,288552,288584,"l",
1511,288585,288617,"l",
1512,288618,288650,"l",
1513,288651,288683,"l",
1514,288684,288716,"l",
1515,288717,288749,"l",
1516,288750,288782,"l",
1517,288783,288815,"l",
1518,288816,288848,"l",
1519,288849,288881,"l",
1520,288882,288914,"l",
1521,288915,288947,"l",
1522,288948,288980,"l",
1523,288981,289013,"l",
1524,289014,289046,"l",
1525,289047,289079,"l",
1526,289080,289112,"l",
1527,289113,289145,"l",
1528,289146,289178,"l",
1529,289179,289211,"l",
1530,289212,289244,"l",
1531,289245,289277,"l",
1532,289278,289310,"r",
1533,289311,289343,"r",
1534,289344,289343,"l",
1535,289344,289409,"l",
1536,289410,289442,"l",
1537,289443,289475,"l",
1538,307626,307658,"l",
1539,307659,307691,"l",
1540,307692,307724,"l",
1541,307725,307757,"l",
1542,307758,307790,"l",
1543,307791,307823,"m",
1544,307824,307856,"m",
1545,307857,307889,"m",
1546,307890,307922,"m",
1547,307923,307955,"m",
1548,307956,307988,"m",
1549,307989,308021,"m",
1550,308022,308054,"m",
1551,308055,308087,"m",
1552,308088,308120,"m",
1553,308121,308153,"m",
1554,308154,308186,"m",
1555,308187,308219,"m",
1556,308220,308252,"m",
1557,308253,308285,"m",
1558,308286,308318,"i",
1559,308319,308351,"l",
1560,308352,308384,"l",
1561,308385,308417,"l",
1562,308418,308450,"l",
1563,308451,308483,"l",
1564,308484,308516,"l",
1565,308517,308549,"l",
1566,308550,308582,"l",
1567,308583,308615,"l",
1568,308616,308648,"l",
1569,308649,308681,"l",
1570,308682,308714,"l",
1571,308715,308747,"l",
1572,308748,308780,"l",
1573,308781,308813,"l",
1574,308814,308846,"l",
1575,308847,308879,"l",
1576,308880,308912,"l",
1577,308913,308945,"l",
1578,308946,308978,"l",
1579,308979,309011,"l",
1580,309012,309044,"n",
1581,309045,309077,"n",
1582,309078,309110,"n",
1583,309111,309143,"n",
1584,309144,309176,"n",
1585,309177,309209,"n",
1586,309210,309242,"n",
1587,309243,309275,"n",
1588,309276,309308,"n",
1589,309309,309341,"n",
1590,309342,309374,"n",
1591,309375,309407,"n",
1592,309408,309440,"n",
1593,309441,309473,"n",
1594,309474,309506,"n",
1595,309507,309539,"n",
1596,309540,309572,"n",
1597,309573,309605,"n",
1598,309606,309638,"n",
1599,309639,309671,"n",
1600,309672,309704,"n",
1601,309705,309737,"n",
1602,309738,309770,"n",
1603,309771,309803,"n",
1604,309804,309836,"n",
1605,309837,309869,"n",
1606,309870,309902,"n",
1607,309903,309935,"n",
1608,309936,309968,"n",
1609,309969,310001,"n",
1610,310002,310034,"n",
1611,310035,310067,"n",
1612,310068,310100,"n",
1613,310101,310133,"n",
1614,310134,310166,"n",
1615,310167,310199,"n",
1616,310200,310232,"n",
1617,310233,310265,"n",
1618,310266,310298,"n",
1619,310299,310331,"n",
1620,310332,310364,"n",
1621,310365,310397,"n",
1622,310398,310430,"n",
1623,310431,310463,"n",
1624,310464,310496,"n",
1625,310497,310529,"n",
1626,310530,310562,"n",
1627,310563,310595,"n",
1628,310596,310628,"n",
1629,310629,310661,"n",
1630,310662,310694,"n",
1631,310695,310727,"n",
1632,310728,310760,"n",
1633,310761,310793,"n",
1634,310794,310826,"n",
1635,310827,310859,"n",
1636,310860,310892,"n",
1637,310893,310925,"n",
1638,310926,310958,"n",
1639,310959,310991,"n",
1640,310992,311024,"n",
1641,311025,311057,"n",
1642,311058,311090,"l",
1643,311091,311123,"l",
1644,311124,311156,"l",
1645,311157,311189,"l",
1646,311190,311222,"l",
1647,311223,311255,"l",
1648,311256,311288,"l",
1649,311289,311321,"l",
1650,311322,311321,"l",
1651,311322,311354,"l",
1652,311355,311387,"l",
1653,311388,311420,"l",
1654,311421,311420,"l",
1655,311421,311420,"l",
1656,311421,311453,"l",
1657,311454,311486,"l",
1658,311487,311519,"l",
1659,311520,311552,"l",
1660,311553,311585,"l",
1661,311586,311618,"l",
1662,311619,311651,"l",
1663,311652,311684,"l",
1664,311685,311717,"l",
1665,311718,311750,"l",
1666,311751,311783,"l",
1667,311784,311816,"l",
1668,311817,311849,"l",
1669,323334,323366,"l",
1670,323367,323399,"l",
1671,323400,323432,"l",
1672,323433,323465,"l",
1673,323466,323498,"l",
1674,323499,323531,"l",
1675,323532,323564,"l",
1676,323565,323597,"l",
1677,323598,323630,"l",
1678,323631,323663,"l",
1679,323664,323696,"l",
1680,323697,323729,"l",
1681,323730,323762,"l",
1682,323763,323795,"l",
1683,323796,323828,"l",
1684,323829,323861,"l",
1685,323862,323894,"l",
1686,323895,323927,"l",
1687,323928,323960,"l",
1688,323961,323993,"l",
1689,323994,324026,"l",
1690,324027,324059,"l",
1691,324060,324092,"l",
1692,324093,324125,"l",
1693,324126,324158,"l",
1694,324159,324191,"l",
1695,324192,324224,"i",
1696,324225,324257,"i",
1697,324258,324290,"i",
1698,324291,324323,"i",
1699,324324,324356,"i",
1700,324357,324389,"i",
1701,324390,324422,"i",
1702,324423,324455,"i",
1703,324456,324488,"l",
1704,324489,324521,"l",
1705,324522,324554,"l",
1706,324555,324587,"l",
1707,324588,324620,"l",
1708,324621,324653,"l",
1709,324654,324686,"l",
1710,324687,324719,"l",
1711,324720,324752,"l",
1712,324753,324785,"l",
1713,324786,324818,"l",
1714,324819,324851,"l",
1715,324852,324884,"l",
1716,324885,324917,"l",
1717,324918,324950,"l",
1718,324951,324983,"l",
1719,324984,325016,"l",
1720,325017,325049,"l",
1721,325050,325082,"l",
1722,325083,325115,"l",
1723,325116,325148,"l",
1724,325149,325181,"l",
1725,325182,325214,"l",
1726,325215,325247,"l",
1727,325248,325280,"r",
1728,325281,325313,"r",
1729,325314,325346,"r",
1730,325347,325379,"r",
1731,325380,325412,"r",
1732,325413,325445,"r",
1733,325446,325478,"i",
1734,325479,325511,"i",
1735,325512,325544,"i",
1736,325545,325577,"i",
1737,325578,325610,"l",
1738,325611,325643,"l",
1739,325644,325676,"l",
1740,325677,325709,"l",
1741,325710,325742,"l",
1742,325743,325775,"l",
1743,325776,325808,"l",
1744,325809,325841,"l",
1745,325842,325874,"l",
1746,325875,325907,"l",
1747,325908,325940,"l",
1748,325941,325973,"l",
1749,325974,326006,"l",
1750,326007,326039,"l",
1751,326040,326072,"l",
1752,326073,326105,"l",
1753,326106,326138,"l",
1754,326139,326171,"l",
1755,326172,326204,"l",
1756,326205,326237,"l",
1757,326238,326270,"l",
1758,326271,326303,"l",
1759,326304,326336,"l",
1760,326337,326369,"l",
1761,326370,326402,"l",
1762,326403,326435,"l",
1763,326436,326468,"l",
1764,326469,326501,"l",
1765,326502,326534,"l",
1766,326535,326567,"l",
1767,326568,326600,"l",
1768,326601,326633,"l",
1769,326634,326666,"l",
1770,326667,326699,"l",
1771,326700,326732,"l",
1772,326733,326765,"l",
1773,326766,326798,"l",
1774,326799,326831,"l",
1775,326832,326864,"l",
1776,326865,326897,"l",
1777,326898,326930,"l",
1778,326931,326963,"l",
1779,326964,326996,"l",
1780,326997,327029,"l",
1781,327030,327062,"l",
1782,327063,327095,"l",
1783,327096,327128,"l",
1784,327129,327161,"l",
1785,327162,327194,"l",
1786,327195,327227,"l",
1787,327228,327260,"l",
1788,327261,327293,"l",
1789,327294,327326,"l",
1790,327327,327359,"l",
1791,327360,327392,"l",
1792,327393,327425,"l",
1793,327426,327458,"l",
1794,327459,327491,"l",
1795,327492,327524,"l",
1796,327525,327557,"l",
1797,327558,327590,"l",
1798,327591,327623,"l",
1799,327624,338084,"l",
1800,338085,338117,"l",
1801,338118,338150,"l",
1802,338151,338183,"l",
1803,338184,338216,"l",
1804,338217,338249,"l",
1805,338250,338282,"l",
1806,338283,338315,"l",
1807,338316,338348,"l",
1808,338349,338381,"l",
1809,338382,338414,"l",
1810,338415,338447,"l",
1811,338448,338480,"l",
1812,338481,338513,"l",
1813,338514,338546,"l",
1814,338547,338579,"l",
1815,338580,338612,"l",
1816,338613,338645,"l",
1817,338646,338678,"l",
1818,338679,338711,"l",
1819,338712,338744,"l",
1820,338745,338777,"l",
1821,338778,338810,"l",
1822,338811,338843,"l",
1823,338844,338876,"l",
1824,338877,338909,"l",
1825,338910,338942,"l",
1826,338943,338975,"l",
1827,338976,339008,"l",
1828,339009,339041,"l",
1829,339042,339074,"l",
1830,339075,339107,"l",
1831,339108,339140,"l",
1832,339141,339173,"l",
1833,339174,339206,"l",
1834,339207,339239,"l",
1835,339240,339272,"l",
1836,339273,339305,"l",
1837,339306,339338,"l",
1838,339339,339371,"i",
1839,339372,339404,"i",
1840,339405,339437,"m",
1841,339438,339470,"m",
1842,339471,339503,"m",
1843,339504,339536,"m",
1844,339537,339569,"i",
1845,339570,339602,"i",
1846,339603,339635,"i",
1847,339636,339668,"m",
1848,339669,339701,"m",
1849,339702,339734,"m",
1850,339735,339767,"m",
1851,339768,339800,"m",
1852,339801,339833,"m",
1853,339834,339866,"m",
1854,339867,339899,"m",
1855,339900,339932,"m",
1856,339933,339965,"m",
1857,339966,339998,"m",
1858,339999,340031,"m",
1859,340032,340064,"m",
1860,340065,340097,"m",
1861,340098,340130,"m",
1862,340131,340163,"i",
1863,340164,340196,"i",
1864,340197,340229,"i",
1865,340230,340262,"i",
1866,340263,340295,"r",
1867,340296,340328,"r",
1868,340329,340361,"r",
1869,340362,340394,"r",
1870,340395,340427,"m",
1871,340428,340460,"m",
1872,340461,340493,"m",
1873,340494,340526,"m",
1874,340527,340559,"m",
1875,340560,340592,"m",
1876,340593,340625,"m",
1877,340626,340658,"m",
1878,340659,340691,"m",
1879,340692,340724,"m",
1880,340725,340757,"i",
1881,340758,340790,"i",
1882,340791,340823,"i",
1883,340824,340856,"i",
1884,340857,340889,"i",
1885,340890,340922,"i",
1886,340923,340955,"l",
1887,340956,340988,"l",
1888,340989,341021,"l",
1889,341022,341054,"l",
1890,341055,341087,"l",
1891,341088,341120,"l",
1892,341121,341153,"l",
1893,341154,341186,"l",
1894,341187,341219,"l",
1895,341220,341252,"l",
1896,341253,341285,"l",
1897,341286,341318,"l",
1898,341319,341318,"l",
1899,341319,341351,"l",
1900,341352,341384,"n",
1901,341385,341417,"n",
1902,341418,341450,"n",
1903,341451,341483,"n",
1904,341484,341516,"n",
1905,341517,341549,"n",
1906,341550,341582,"n",
1907,341583,341615,"n",
1908,341616,341648,"n",
1909,341649,341681,"n",
1910,341682,341714,"n",
1911,341715,341747,"n",
1912,341748,341780,"n",
1913,341781,341813,"n",
1914,341814,341846,"n",
1915,341847,341879,"n",
1916,341880,341912,"n",
1917,341913,341945,"n",
1918,341946,341978,"n",
1919,341979,342011,"n",
1920,342012,342044,"n",
1921,342045,342077,"n",
1922,342078,342110,"n",
1923,342111,342143,"n",
1924,342144,342176,"n",
1925,342177,342209,"n",
1926,342210,342242,"n",
1927,342243,342275,"n",
1928,342276,342308,"n",
1929,342309,342341,"n",
1930,342342,342374,"n",
1931,342375,0,"n",
1932,354816,354848,"l",
1933,354849,354881,"l",
1934,354882,354914,"l",
1935,354915,354947,"l",
1936,354948,354980,"l",
1937,354981,355013,"l",
1938,355014,355046,"l",
1939,355047,355079,"l",
1940,355080,355112,"l",
1941,355113,355145,"l",
1942,355146,355178,"l",
1943,355179,355211,"l",
1944,355212,355244,"l",
1945,355245,355277,"l",
1946,355278,355310,"l",
1947,355311,355343,"l",
1948,355344,355376,"l",
1949,355377,355409,"l",
1950,355410,355442,"l",
1951,355443,355475,"l",
1952,355476,355508,"l",
1953,355509,355541,"l",
1954,355542,355574,"l",
1955,355575,355607,"l",
1956,355608,355640,"l",
1957,355641,355673,"l",
1958,355674,355706,"l",
1959,355707,355739,"l",
1960,355740,355772,"l",
1961,355773,355805,"l",
1962,355806,355838,"l",
1963,355839,355871,"l",
1964,355872,355904,"l",
1965,355905,355937,"l",
1966,355938,355970,"l",
1967,355971,356003,"l",
1968,356004,356036,"l",
1969,356037,356069,"l",
1970,356070,356102,"l",
1971,356103,356135,"l",
1972,356136,356168,"l",
1973,356169,356201,"l",
1974,356202,356234,"l",
1975,356235,356267,"l",
1976,356268,356300,"l",
1977,356301,356333,"l",
1978,356334,356366,"l",
1979,356367,356399,"l",
1980,356400,356432,"l",
1981,356433,356465,"l",
1982,356466,356498,"l",
1983,356499,356531,"l",
1984,356532,356564,"l",
1985,356565,356597,"l",
1986,356598,356630,"l",
1987,356631,356663,"l",
1988,356664,356696,"l",
1989,356697,356729,"l",
1990,356730,356762,"l",
1991,356763,356795,"l",
1992,356796,356828,"l",
1993,356829,356861,"l",
1994,356862,356894,"l",
1995,356895,356927,"l",
1996,356928,356960,"l",
1997,356961,356993,"l",
1998,356994,357026,"l",
1999,357027,357059,"l",
2000,357060,357092,"l",
2001,357093,357125,"l",
2002,357126,357158,"l",
2003,357159,357191,"l",
2004,357192,357224,"l",
2005,357225,357257,"l",
2006,357258,357290,"l",
2007,357291,357323,"l",
2008,357324,357356,"l",
2009,357357,357389,"l",
2010,357390,357422,"l",
2011,357423,357455,"l",
2012,357456,357488,"l",
2013,357489,357521,"l",
2014,357522,357554,"l",
2015,357555,357554,"l",
2016,357555,357587,"l",
2017,357588,357620,"l",
2018,357621,357653,"l",
2019,357654,357686,"l",
2020,357687,357719,"l",
2021,357720,357752,"l",
2022,357753,357785,"l",
2023,357786,357818,"l",
2024,357819,357851,"l",
2025,357852,357884,"l",
2026,357885,357917,"l",
2027,357918,357950,"l",
2028,357951,357983,"l",
2029,357984,358016,"l",
2030,358017,358049,"l",
2031,358050,358082,"l",
2032,358083,358115,"l",
2033,358116,358148,"l",
2034,358149,358181,"l",
2035,358182,358214,"l",
2036,358215,358247,"l",
2037,358248,358280,"l",
2038,358281,358313,"l",
2039,358314,358346,"l",
2040,358347,358379,"l",
2041,358380,358412,"l",
2042,358413,358445,"l",
2043,358446,358478,"l",
2044,358479,358511,"l",
2045,358512,358544,"l",
2046,358545,358577,"l",
2047,358578,358610,"l",
2048,358611,358643,"l",
2049,358644,358676,"l",
2050,358677,358709,"i",
2051,358710,358742,"l",
2052,358743,358775,"i",
2053,358776,358808,"r",
2054,358809,358841,"i",
2055,358842,358874,"i",
2056,358875,358907,"i",
2057,358908,358940,"r",
2058,358941,358973,"r",
2059,358974,369104,"r",
2060,369105,369137,"l",
2061,369138,369170,"l",
2062,369171,369203,"l",
2063,369204,369236,"l",
2064,369237,369269,"l",
2065,369270,369302,"l",
2066,369303,369335,"l",
2067,369336,369368,"l",
2068,369369,369401,"l",
2069,369402,369434,"l",
2070,369435,369467,"l",
2071,369468,369500,"l",
2072,369501,369533,"l",
2073,369534,369566,"l",
2074,369567,369599,"l",
2075,369600,369632,"l",
2076,369633,369665,"l",
2077,369666,369698,"l",
2078,369699,369731,"l",
2079,369732,369764,"l",
2080,369765,369797,"l",
2081,369798,369830,"l",
2082,369831,369863,"l",
2083,369864,369896,"l",
2084,369897,369929,"l",
2085,369930,369962,"l",
2086,369963,369995,"l",
2087,369996,370028,"l",
2088,370029,370061,"l",
2089,370062,370094,"l",
2090,370095,370127,"l",
2091,370128,370160,"l",
2092,370161,370193,"l",
2093,370194,370226,"l",
2094,370227,370259,"l",
2095,370260,370292,"n",
2096,370293,370325,"n",
2097,370326,370358,"l",
2098,370359,370391,"m",
2099,370392,370424,"m",
2100,370425,370457,"l",
2101,370458,370490,"l",
2102,370491,370523,"l",
2103,370524,370556,"m",
2104,370557,370589,"m",
2105,370590,370622,"m",
2106,370623,370655,"m",
2107,370656,370688,"m",
2108,370689,370721,"m",
2109,370722,370754,"m",
2110,370755,370787,"i",
2111,370788,370820,"i",
2112,370821,370853,"i",
2113,370854,370886,"m",
2114,370887,370919,"m",
2115,370920,370952,"m",
2116,370953,370985,"m",
2117,370986,371018,"m",
2118,371019,371051,"m",
2119,371052,371084,"m",
2120,371085,371117,"m",
2121,371118,371150,"m",
2122,371151,371183,"m",
2123,371184,371216,"m",
2124,371217,371249,"m",
2125,371250,371282,"m",
2126,371283,371315,"m",
2127,371316,371348,"m",
2128,371349,371381,"m",
2129,371382,371414,"m",
2130,371415,371447,"m",
2131,371448,371480,"m",
2132,371481,371513,"m",
2133,371514,371546,"m",
2134,371547,371579,"m",
2135,371580,371612,"m",
2136,371613,371645,"m",
2137,371646,371678,"m",
2138,371679,371711,"m",
2139,371712,371744,"m",
2140,371745,371777,"m",
2141,371778,371810,"m",
2142,371811,371843,"i",
2143,371844,371876,"i",
2144,371877,371909,"l",
2145,371910,371942,"l",
2146,371943,371975,"m",
2147,371976,372008,"m",
2148,372009,372041,"m",
2149,372042,372074,"m",
2150,372075,372107,"m",
2151,372108,372140,"m",
2152,372141,372173,"m",
2153,372174,372206,"m",
2154,372207,372239,"l",
2155,372240,372272,"l",
2156,372273,372305,"l",
2157,372306,372338,"l",
2158,372339,372371,"l",
2159,372372,372404,"l",
2160,372405,372437,"l",
2161,372438,372470,"l",
2162,372471,372503,"l",
2163,372504,372536,"l",
2164,372537,372569,"l",
2165,372570,372602,"l",
2166,372603,372635,"l",
2167,372636,372668,"l",
2168,372669,372701,"l",
2169,372702,372734,"l",
2170,372735,372767,"l",
2171,372768,372800,"l",
2172,372801,372833,"l",
2173,372834,372866,"l",
2174,372867,372899,"l",
2175,372900,372932,"l",
2176,372933,372965,"l",
2177,372966,372998,"l",
2178,372999,373031,"l",
2179,373032,373064,"l",
2180,373065,373097,"l",
2181,373098,373130,"l",
2182,373131,373163,"l",
2183,373164,373196,"l",
2184,373197,373229,"l",
2185,373230,373262,"l",
2186,373263,373295,"l",
2187,373296,373328,"l",
2188,373329,373361,"l",
2189,373362,373394,"l",
2190,384747,384779,"l",
2191,384780,384812,"l",
2192,384813,384845,"l",
2193,384846,384878,"l",
2194,384879,384911,"l",
2195,384912,384944,"l",
2196,384945,384977,"l",
2197,384978,385010,"l",
2198,385011,385043,"l",
2199,385044,385076,"l",
2200,385077,385109,"l",
2201,385110,385142,"l",
2202,385143,385175,"l",
2203,385176,385208,"l",
2204,385209,385241,"l",
2205,385242,385274,"l",
2206,385275,385307,"l",
2207,385308,385340,"l",
2208,385341,385373,"l",
2209,385374,385406,"l",
2210,385407,385439,"l",
2211,385440,385472,"l",
2212,385473,385505,"l",
2213,385506,385538,"l",
2214,385539,385571,"l",
2215,385572,385604,"n",
2216,385605,385637,"n",
2217,385638,385670,"n",
2218,385671,385703,"n",
2219,385704,385736,"n",
2220,385737,385769,"n",
2221,385770,385802,"n",
2222,385803,385835,"l",
2223,385836,385868,"l",
2224,385869,385901,"l",
2225,385902,385934,"l",
2226,385935,385967,"l",
2227,385968,386000,"l",
2228,386001,386033,"l",
2229,386034,386066,"l",
2230,386067,386099,"l",
2231,386100,386132,"l",
2232,386133,386165,"l",
2233,386166,386198,"l",
2234,386199,386231,"l",
2235,386232,386264,"l",
2236,386265,386297,"l",
2237,386298,386330,"l",
2238,386331,386363,"l",
2239,386364,386396,"l",
2240,386397,386429,"l",
2241,386430,386462,"l",
2242,386463,386495,"l",
2243,386496,386528,"l",
2244,386529,386561,"l",
2245,386562,386594,"l",
2246,386595,386627,"l",
2247,386628,386660,"l",
2248,386661,386693,"l",
2249,386694,386726,"l",
2250,386727,386759,"l",
2251,386760,386792,"l",
2252,386793,386825,"l",
2253,386826,386858,"l",
2254,386859,386891,"l",
2255,386892,386924,"l",
2256,386925,386957,"l",
2257,386958,386990,"l",
2258,386991,387023,"l",
2259,387024,387056,"l",
2260,387057,387089,"l",
2261,387090,387122,"l",
2262,387123,387155,"l",
2263,387156,387188,"l",
2264,387189,387221,"l",
2265,387222,387254,"l",
2266,387255,387287,"l",
2267,387288,387320,"l",
2268,387321,387353,"l",
2269,387354,387386,"l",
2270,387387,387419,"l",
2271,387420,387452,"l",
2272,387453,387485,"l",
2273,387486,387518,"l",
2274,387519,387551,"l",
2275,387552,387584,"l",
2276,387585,387617,"l",
2277,387618,387650,"l",
2278,387651,387683,"l",
2279,387684,387716,"l",
2280,387717,387749,"l",
2281,387750,387782,"l",
2282,387783,387815,"l",
2283,387816,387848,"l",
2284,387849,387881,"l",
2285,387882,387914,"l",
2286,387915,387947,"l",
2287,387948,387980,"l",
2288,387981,388013,"l",
2289,388014,388046,"l",
2290,388047,388079,"l",
2291,388080,388112,"l",
2292,388113,388145,"l",
2293,388146,388178,"l",
2294,388179,388211,"l",
2295,388212,388244,"l",
2296,388245,388277,"l",
2297,388278,388310,"l",
2298,388311,388343,"l",
2299,388344,388376,"l",
2300,388377,388409,"l",
2301,388410,388442,"l",
2302,388443,388475,"l",
2303,388476,388508,"l",
2304,388509,388541,"l",
2305,388542,388574,"l",
2306,388575,388607,"l",
2307,388608,388640,"l",
2308,388641,388673,"l",
2309,388674,388706,"l",
2310,388707,388739,"l",
2311,388740,388772,"l",
2312,388773,388805,"l",
2313,388806,388838,"l",
2314,388839,388871,"l",
2315,388872,388904,"l",
2316,388905,388937,"l",
2317,388938,388970,"l",
2318,388971,389003,"l",
2319,389004,389036,"l",
2320,389037,389069,"l",
2321,411378,411410,"l",
2322,411411,411443,"l",
2323,411444,411476,"l",
2324,411477,411509,"l",
2325,411510,411542,"l",
2326,411543,411575,"l",
2327,411576,411608,"l",
2328,411609,411641,"l",
2329,411642,411674,"l",
2330,411675,411707,"l",
2331,411708,411740,"l",
2332,411741,411773,"l",
2333,411774,411806,"l",
2334,411807,411839,"l",
2335,411840,411872,"l",
2336,411873,411905,"l",
2337,411906,411938,"l",
2338,411939,411971,"l",
2339,411972,412004,"l",
2340,412005,412037,"l",
2341,412038,412070,"l",
2342,412071,412103,"l",
2343,412104,412136,"l",
2344,412137,412169,"l",
2345,412170,412202,"l",
2346,412203,412235,"l",
2347,412236,412268,"l",
2348,412269,412301,"l",
2349,412302,412334,"l",
2350,412335,412367,"l",
2351,412368,412400,"l",
2352,412401,412433,"l",
2353,412434,412466,"l",
2354,412467,412499,"l",
2355,412500,412532,"l",
2356,412533,412565,"l",
2357,412566,412598,"l",
2358,412599,412631,"l",
2359,412632,412664,"l",
2360,412665,412697,"l",
2361,412698,412730,"l",
2362,412731,412763,"l",
2363,412764,412796,"l",
2364,412797,412829,"l",
2365,412830,412862,"l",
2366,412863,412895,"l",
2367,412896,412928,"l",
2368,412929,412961,"l",
2369,412962,412994,"l",
2370,412995,413027,"l",
2371,413028,413060,"l",
2372,413061,413093,"n",
2373,413094,413126,"n",
2374,413127,413159,"n",
2375,413160,413192,"n",
2376,413193,413225,"n",
2377,413226,413258,"n",
2378,413259,413291,"n",
2379,413292,413324,"n",
2380,413325,413357,"n",
2381,413358,413390,"n",
2382,413391,413423,"n",
2383,413424,413456,"n",
2384,413457,413489,"n",
2385,413490,413522,"n",
2386,413523,413555,"n",
2387,413556,413588,"n",
2388,413589,413621,"n",
2389,413622,413654,"n",
2390,413655,413687,"n",
2391,413688,413720,"n",
2392,413721,413753,"n",
2393,413754,413786,"n",
2394,413787,413819,"n",
2395,413820,413852,"n",
2396,413853,413885,"n",
2397,413886,413918,"n",
2398,413919,413951,"n",
2399,413952,413984,"n",
2400,413985,414017,"n",
2401,414018,414050,"n",
2402,414051,414083,"n",
2403,414084,414116,"n",
2404,414117,414149,"n",
2405,414150,414182,"n",
2406,414183,414215,"n",
2407,414216,414248,"n",
2408,414249,414281,"n",
2409,414282,414314,"n",
2410,414315,414347,"n",
2411,414348,414380,"n",
2412,414381,414413,"l",
2413,414414,414446,"l",
2414,414447,414479,"l",
2415,414480,414512,"l",
2416,414513,414545,"l",
2417,414546,414578,"l",
2418,414579,414611,"l",
2419,414612,414644,"l",
2420,414645,414677,"l",
2421,414678,414710,"l",
2422,414711,414743,"l",
2423,414744,414776,"l",
2424,414777,414809,"l",
2425,414810,414842,"l",
2426,414843,414875,"l",
2427,414876,414908,"l",
2428,414909,414941,"l",
2429,414942,414974,"l",
2430,414975,415007,"l",
2431,415008,415040,"l",
2432,415041,415073,"l",
2433,415074,415106,"l",
2434,415107,415139,"l",
2435,415140,415172,"l",
2436,415173,415205,"l",
2437,415206,415238,"l",
2438,415239,415271,"l",
2439,415272,415304,"l",
2440,415305,415337,"l",
2441,415338,415370,"l",
2442,415371,415403,"l",
2443,415404,415436,"l",
2444,415437,415469,"l",
2445,415470,415502,"l",
2446,415503,415535,"l",
2447,415536,415568,"l",
2448,424545,424577,"l",
2449,424578,424610,"l",
2450,424611,424643,"l",
2451,424644,424676,"l",
2452,424677,424709,"l",
2453,424710,424742,"l",
2454,424743,424775,"l",
2455,424776,424808,"l",
2456,424809,424841,"l",
2457,424842,424874,"l",
2458,424875,424907,"l",
2459,424908,424940,"l",
2460,424941,424973,"l",
2461,424974,425006,"l",
2462,425007,425039,"l",
2463,425040,425072,"l",
2464,425073,425105,"l",
2465,425106,425138,"l",
2466,425139,425171,"l",
2467,425172,425204,"l",
2468,425205,425237,"l",
2469,425238,425270,"l",
2470,425271,425303,"l",
2471,425304,425336,"l",
2472,425337,425369,"l",
2473,425370,425402,"l",
2474,425403,425435,"l",
2475,425436,425468,"l",
2476,425469,425501,"l",
2477,425502,425534,"l",
2478,425535,425567,"l",
2479,425568,425600,"l",
2480,425601,425633,"l",
2481,425634,425666,"l",
2482,425667,425699,"l",
2483,425700,425732,"l",
2484,425733,425765,"l",
2485,425766,425798,"l",
2486,425799,425831,"l",
2487,425832,425864,"l",
2488,425865,425897,"l",
2489,425898,425930,"l",
2490,425931,425963,"l",
2491,425964,425996,"l",
2492,425997,426029,"l",
2493,426030,426062,"l",
2494,426063,426095,"l",
2495,426096,426128,"l",
2496,426129,426161,"l",
2497,426162,426194,"l",
2498,426195,426227,"l",
2499,426228,426260,"l",
2500,426261,426293,"n",
2501,426294,426326,"n",
2502,426327,426359,"n",
2503,426360,426392,"n",
2504,426393,426425,"n",
2505,426426,426458,"n",
2506,426459,426491,"n",
2507,426492,426524,"n",
2508,426525,426557,"n",
2509,426558,426590,"l",
2510,426591,426623,"l",
2511,426624,426656,"l",
2512,426657,426689,"l",
2513,426690,426722,"l",
2514,426723,426755,"l",
2515,426756,426788,"l",
2516,426789,426821,"l",
2517,426822,426854,"l",
2518,426855,426887,"n",
2519,426888,426920,"n",
2520,426921,426953,"n",
2521,426954,426986,"n",
2522,426987,427019,"n",
2523,427020,427052,"n",
2524,427053,427085,"n",
2525,427086,427118,"n",
2526,427119,427151,"n",
2527,427152,427184,"n",
2528,427185,427217,"n",
2529,427218,427250,"n",
2530,427251,427283,"n",
2531,427284,427316,"n",
2532,427317,427349,"n",
2533,427350,427382,"n",
2534,427383,427415,"n",
2535,427416,427448,"n",
2536,427449,427481,"n",
2537,427482,427514,"n",
2538,427515,427547,"n",
2539,427548,427580,"n",
2540,427581,427613,"n",
2541,427614,427646,"n",
2542,427647,427679,"n",
2543,427680,427712,"n",
2544,427713,427745,"n",
2545,427746,427778,"n",
2546,427779,427811,"n",
2547,427812,427844,"n",
2548,427845,427877,"n",
2549,427878,427910,"n",
2550,427911,427943,"n",
2551,427944,427976,"n",
2552,427977,428009,"n",
2553,428010,428042,"n",
2554,428043,428075,"n",
2555,428076,428108,"n",
2556,428109,428141,"n",
2557,428142,428174,"n",
2558,428175,428207,"nl",
2559,428208,428240,"l",
2560,428241,428273,"l",
2561,428274,428306,"l",
2562,428307,428339,"l",
2563,428340,428372,"l",
2564,428373,428405,"l",
2565,428406,428438,"l",
2566,428439,428471,"l",
2567,428472,428504,"l",
2568,428505,428537,"l",
2569,428538,428570,"l",
2570,428571,428603,"l",
2571,428604,428636,"l",
2572,428637,428669,"l",
2573,428670,428702,"l",
2574,428703,428735,"l",
2575,428736,428768,"l",
2576,428769,428801,"l",
2577,428802,428801,"l",
2578,428802,439856,"l",
2579,439857,439889,"l",
2580,439890,439922,"l",
2581,439923,439955,"l",
2582,439956,439988,"l",
2583,439989,440021,"l",
2584,440022,440054,"l",
2585,440055,440087,"l",
2586,440088,440120,"l",
2587,440121,440153,"l",
2588,440154,440186,"l",
2589,440187,440219,"l",
2590,440220,440252,"l",
2591,440253,440285,"l",
2592,440286,440318,"l",
2593,440319,440351,"l",
2594,440352,440384,"l",
2595,440385,440417,"l",
2596,440418,440450,"l",
2597,440451,440483,"l",
2598,440484,440516,"l",
2599,440517,440549,"l",
2600,440550,440582,"l",
2601,440583,440615,"l",
2602,440616,440648,"l",
2603,440649,440681,"l",
2604,440682,440714,"l",
2605,440715,440747,"l",
2606,440748,440780,"l",
2607,440781,440813,"l",
2608,440814,440846,"l",
2609,440847,440879,"l",
2610,440880,440912,"l",
2611,440913,440945,"l",
2612,440946,440978,"l",
2613,440979,441011,"l",
2614,441012,441044,"l",
2615,441045,441077,"l",
2616,441078,441110,"l",
2617,441111,441143,"l",
2618,441144,441176,"l",
2619,441177,441209,"l",
2620,441210,441242,"l",
2621,441243,441275,"l",
2622,441276,441308,"l",
2623,441309,441341,"l",
2624,441342,441374,"l",
2625,441375,441407,"n",
2626,441408,441440,"n",
2627,441441,441473,"n",
2628,441474,441506,"n",
2629,441507,441539,"n",
2630,441540,441572,"n",
2631,441573,441605,"n",
2632,441606,441638,"n",
2633,441639,441671,"n",
2634,441672,441704,"n",
2635,441705,441737,"n",
2636,441738,441770,"n",
2637,441771,441803,"n",
2638,441804,441836,"n",
2639,441837,441869,"n",
2640,441870,441902,"n",
2641,441903,441935,"n",
2642,441936,441968,"n",
2643,441969,442001,"n",
2644,442002,442034,"n",
2645,442035,442067,"n",
2646,442068,442100,"n",
2647,442101,442133,"n",
2648,442134,442166,"n",
2649,442167,442199,"n",
2650,442200,442232,"n",
2651,442233,442265,"n",
2652,442266,442298,"n",
2653,442299,442331,"n",
2654,442332,442364,"n",
2655,442365,442397,"n",
2656,442398,442430,"n",
2657,442431,442463,"n",
2658,442464,442496,"n",
2659,442497,442529,"l",
2660,442530,442562,"l",
2661,442563,442595,"l",
2662,442596,442628,"l",
2663,442629,442661,"l",
2664,442662,442694,"l",
2665,442695,442727,"l",
2666,442728,442760,"l",
2667,442761,442793,"l",
2668,442794,442826,"l",
2669,442827,442859,"l",
2670,442860,442892,"l",
2671,442893,442925,"l",
2672,442926,442958,"l",
2673,442959,442991,"l",
2674,442992,443024,"l",
2675,443025,443057,"l",
2676,443058,443090,"l",
2677,443091,443123,"l",
2678,443124,443156,"l",
2679,443157,443189,"l",
2680,443190,443222,"l",
2681,443223,443255,"l",
2682,443256,443288,"l",
2683,443289,443321,"l",
2684,443322,443354,"l",
2685,443355,443387,"l",
2686,443388,443420,"l",
2687,443421,443453,"l",
2688,443454,443486,"l",
2689,443487,443519,"l",
2690,443520,443552,"l",
2691,443553,443585,"l",
2692,443586,443618,"l",
2693,443619,443651,"l",
2694,443652,443684,"l",
2695,443685,443717,"l",
2696,443718,443750,"l",
2697,443751,443783,"l",
2698,443784,443816,"l",
2699,454278,454310,"m",
2700,454311,454343,"m",
2701,454344,454376,"m",
2702,454377,454409,"m",
2703,454410,454442,"l",
2704,454443,454475,"l",
2705,454476,454508,"l",
2706,454509,454541,"l",
2707,454542,454574,"l",
2708,454575,454607,"l",
2709,454608,454640,"l",
2710,454641,454673,"l",
2711,454674,454706,"l",
2712,454707,454739,"l",
2713,454740,454772,"l",
2714,454773,454805,"l",
2715,454806,454838,"l",
2716,454839,454871,"l",
2717,454872,454904,"l",
2718,454905,454937,"l",
2719,454938,454970,"l",
2720,454971,455003,"l",
2721,455004,455036,"l",
2722,455037,455069,"l",
2723,455070,455102,"l",
2724,455103,455135,"l",
2725,455136,455168,"l",
2726,455169,455201,"l",
2727,455202,455234,"l",
2728,455235,455267,"l",
2729,455268,455300,"l",
2730,455301,455333,"l",
2731,455334,455366,"l",
2732,455367,455399,"l",
2733,455400,455432,"l",
2734,455433,455465,"l",
2735,455466,455498,"l",
2736,455499,455531,"l",
2737,455532,455564,"l",
2738,455565,455597,"l",
2739,455598,455630,"l",
2740,455631,455663,"l",
2741,455664,455696,"l",
2742,455697,455729,"l",
2743,455730,455762,"l",
2744,455763,455795,"l",
2745,455796,455795,"l",
2746,455796,455861,"l",
2747,455862,455894,"l",
2748,455895,455927,"l",
2749,455928,455960,"l",
2750,455961,455993,"l",
2751,455994,456026,"l",
2752,456027,456059,"l",
2753,456060,456092,"l",
2754,456093,456125,"l",
2755,456126,456158,"l",
2756,456159,456191,"i",
2757,456192,456224,"l",
2758,456225,456257,"l",
2759,456258,456290,"l",
2760,456291,456323,"l",
2761,456324,456356,"l",
2762,456357,456389,"l",
2763,456390,456422,"l",
2764,456423,456455,"l",
2765,456456,456488,"l",
2766,456489,456521,"l",
2767,456522,456554,"l",
2768,456555,456587,"l",
2769,456588,456620,"l",
2770,456621,456653,"l",
2771,456654,456686,"l",
2772,456687,456719,"l",
2773,456720,456752,"l",
2774,456753,456785,"l",
2775,456786,456818,"l",
2776,456819,456851,"l",
2777,456852,456884,"l",
2778,456885,456917,"l",
2779,456918,456950,"l",
2780,456951,456983,"l",
2781,456984,457016,"l",
2782,457017,457049,"l",
2783,457050,457082,"l",
2784,457083,457115,"l",
2785,457116,457148,"l",
2786,457149,457181,"l",
2787,457182,457214,"l",
2788,457215,457247,"l",
2789,457248,457280,"l",
2790,457281,457313,"l",
2791,457314,457346,"l",
2792,457347,457379,"l",
2793,457380,457412,"l",
2794,457413,457445,"l",
2795,457446,457478,"l",
2796,457479,457511,"l",
2797,457512,457544,"l",
2798,457545,457577,"l",
2799,457578,457610,"l",
2800,457611,457643,"l",
2801,457644,457676,"l",
2802,457677,457709,"i",
2803,457710,457742,"i",
2804,457743,457775,"i",
2805,457776,457808,"i",
2806,457809,457841,"l",
2807,457842,457874,"l",
2808,457875,457907,"l",
2809,457908,457940,"l",
2810,457941,457973,"l",
2811,457974,458006,"l",
2812,458007,468533,"l",
2813,468534,468566,"l",
2814,468567,468599,"l",
2815,468600,468632,"l",
2816,468633,468665,"l",
2817,468666,468698,"l",
2818,468699,468731,"l",
2819,468732,468764,"l",
2820,468765,468797,"l",
2821,468798,468830,"l",
2822,468831,468863,"l",
2823,468864,468896,"l",
2824,468897,468929,"l",
2825,468930,468962,"l",
2826,468963,468995,"l",
2827,468996,469028,"l",
2828,469029,469061,"l",
2829,469062,469094,"l",
2830,469095,469127,"l",
2831,469128,469160,"l",
2832,469161,469193,"l",
2833,469194,469226,"l",
2834,469227,469259,"l",
2835,469260,469292,"l",
2836,469293,469325,"l",
2837,469326,469358,"l",
2838,469359,469391,"l",
2839,469392,469424,"l",
2840,469425,469457,"l",
2841,469458,469490,"l",
2842,469491,469523,"l",
2843,469524,469556,"m",
2844,469557,469589,"m",
2845,469590,469622,"m",
2846,469623,469655,"m",
2847,469656,469688,"m",
2848,469689,469721,"m",
2849,469722,469754,"m",
2850,469755,469787,"l",
2851,469788,469820,"l",
2852,469821,469853,"l",
2853,469854,469886,"l",
2854,469887,469919,"l",
2855,469920,469952,"l",
2856,469953,469985,"l",
2857,469986,470018,"l",
2858,470019,470051,"l",
2859,470052,470084,"l",
2860,470085,470117,"l",
2861,470118,470150,"i",
2862,470151,470183,"m",
2863,470184,470216,"i",
2864,470217,470249,"i",
2865,470250,470282,"m",
2866,470283,470315,"m",
2867,470316,470348,"m",
2868,470349,470381,"m",
2869,470382,470381,"m",
2870,470382,470414,"m",
2871,470415,470447,"m",
2872,470448,470480,"m",
2873,470481,470513,"m",
2874,470514,470546,"m",
2875,470547,470579,"m",
2876,470580,470612,"m",
2877,470613,470645,"m",
2878,470646,470678,"m",
2879,470679,470711,"m",
2880,470712,470744,"m",
2881,470745,470777,"m",
2882,470778,470810,"m",
2883,470811,470843,"m",
2884,470844,470876,"l",
2885,470877,470876,"l",
2886,470877,470942,"l",
2887,470943,470975,"l",
2888,470976,471008,"l",
2889,471009,471041,"l",
2890,471042,471074,"l",
2891,471075,471107,"l",
2892,471108,471140,"l",
2893,471141,471173,"l",
2894,471174,471206,"l",
2895,471207,471239,"l",
2896,471240,471272,"m",
2897,471273,471305,"m",
2898,471306,471338,"m",
2899,471339,471371,"m",
2900,471372,471404,"m",
2901,471405,471437,"m",
2902,471438,471470,"m",
2903,471471,471503,"m",
2904,471504,471536,"m",
2905,471537,471569,"m",
2906,471570,471602,"m",
2907,471603,471635,"m",
2908,471636,471668,"m",
2909,471669,471701,"m",
2910,471702,471734,"m",
2911,471735,471767,"m",
2912,471768,471800,"m",
2913,471801,471833,"m",
2914,471834,471866,"m",
2915,471867,471899,"m",
2916,471900,471932,"m",
2917,471933,471965,"m",
2918,471966,471998,"m",
2919,471999,472031,"m",
2920,472032,472064,"m",
2921,472065,472097,"m",
2922,472098,472130,"m",
2923,472131,472163,"m",
2924,472164,472196,"m",
2925,472197,472229,"m",
2926,472230,472262,"m",
2927,472263,472295,"m",
2928,472296,472328,"m",
2929,472329,472361,"m",
2930,472362,472394,"m",
2931,472395,472427,"m",
2932,472428,472460,"m",
2933,472461,472493,"m",
2934,472494,472526,"m",
2935,472527,472559,"m",
2936,472560,472592,"m",
2937,472593,472625,"m",
2938,472626,472658,"m",
2939,472659,472691,"i",
2940,472692,472724,"m",
2941,472725,472757,"m",
2942,472758,472790,"m",
2943,472791,472823,"m",
2944,472824,482294,"m",
2945,482295,482327,"l",
2946,482328,482360,"l",
2947,482361,482393,"l",
2948,482394,482426,"l",
2949,482427,482459,"l",
2950,482460,482492,"l",
2951,482493,482525,"l",
2952,482526,482558,"l",
2953,482559,482591,"l",
2954,482592,482624,"l",
2955,482625,482657,"l",
2956,482658,482690,"l",
2957,482691,482723,"l",
2958,482724,482756,"l",
2959,482757,482789,"l",
2960,482790,482822,"l",
2961,482823,482855,"l",
2962,482856,482888,"l",
2963,482889,482921,"l",
2964,482922,482954,"l",
2965,482955,482987,"l",
2966,482988,483020,"l",
2967,483021,483053,"l",
2968,483054,483086,"l",
2969,483087,483119,"l",
2970,483120,483152,"l",
2971,483153,483185,"l",
2972,483186,483218,"l",
2973,483219,483251,"l",
2974,483252,483284,"l",
2975,483285,483317,"l",
2976,483318,483350,"l",
2977,483351,483383,"l",
2978,483384,483416,"l",
2979,483417,483449,"l",
2980,483450,483482,"l",
2981,483483,483515,"l",
2982,483516,483548,"l",
2983,483549,483581,"l",
2984,483582,483614,"l",
2985,483615,483647,"l",
2986,483648,483680,"l",
2987,483681,483713,"l",
2988,483714,483746,"l",
2989,483747,483779,"l",
2990,483780,483812,"l",
2991,483813,483845,"l",
2992,483846,483878,"l",
2993,483879,483911,"l",
2994,483912,483944,"l",
2995,483945,483977,"l",
2996,483978,484010,"l",
2997,484011,484043,"l",
2998,484044,484076,"l",
2999,484077,484109,"l",
3000,484110,484142,"l",
3001,484143,484175,"l",
3002,484176,484208,"l",
3003,484209,484241,"l",
3004,484242,484274,"l",
3005,484275,484307,"l",
3006,484308,484340,"l",
3007,484341,484373,"l",
3008,484374,484406,"l",
3009,484407,484439,"l",
3010,484440,484472,"l",
3011,484473,484505,"l",
3012,484506,484538,"l",
3013,484539,484571,"l",
3014,484572,484604,"l",
3015,484605,484637,"l",
3016,484638,484670,"l",
3017,484671,484703,"l",
3018,484704,484736,"l",
3019,484737,484769,"l",
3020,484770,484802,"l",
3021,484803,484835,"l",
3022,484836,484868,"l",
3023,484869,484901,"l",
3024,484902,484934,"l",
3025,484935,484967,"l",
3026,484968,485000,"l",
3027,485001,485033,"l",
3028,485034,485066,"l",
3029,485067,485099,"l",
3030,485100,485132,"l",
3031,485133,485165,"l",
3032,485166,485198,"l",
3033,485199,485231,"l",
3034,485232,485264,"l",
3035,485265,485297,"l",
3036,485298,485330,"l",
3037,485331,485363,"l",
3038,485364,485396,"l",
3039,485397,485429,"l",
3040,485430,485462,"l",
3041,485463,485495,"l",
3042,485496,485528,"l",
3043,485529,485561,"l",
3044,485562,485594,"l",
3045,485595,485627,"l",
3046,485628,485660,"l",
3047,485661,485693,"l",
3048,485694,485726,"l",
3049,485727,485759,"l",
3050,485760,485792,"l",
3051,485793,485825,"l",
3052,485826,485858,"l",
3053,485859,485891,"l",
3054,485892,485924,"l",
3055,485925,485957,"l",
3056,485958,485990,"l",
3057,485991,486023,"l",
3058,486024,486056,"l",
3059,486057,486089,"l",
3060,486090,486122,"l",
3061,486123,486155,"l",
3062,486156,486188,"l",
3063,486189,486221,"l",
3064,486222,486254,"l",
3065,486255,486287,"i",
3066,486288,486320,"i",
3067,486321,486353,"i",
3068,486354,486386,"i",
3069,486387,486419,"i",
3070,486420,486452,"l",
3071,486453,486485,"l",
3072,486486,486518,"l",
3073,486519,486551,"l",
3074,486552,486584,"l",
3075,486585,486617,"n",
3076,486618,486650,"n",
3077,486651,0,"n",
